round,test_clean_loss,test_clean_acc,test_backdoor_loss,test_backdoor_acc,train_clean_loss,train_clean_acc,train_backdoor_loss,train_backdoor_acc
1001,0.44384249796470004,0.843994738787686,11.753754615783691,0.0015428737384738257,0.21708707657478582,0.9347203664821531,1.0033146399365704,0.6804123711340206
1002,0.44417136410872143,0.8440635128048624,11.575079361597696,0.0015610251942205764,0.26913155218879814,0.9227799227799228,1.1562917128853176,0.568561872909699
1003,0.44489138200879097,0.8441666738306268,11.272573788960775,0.0016427067450809556,0.20869975337253768,0.9344100560897436,0.8626618108349646,0.7341317365269461
1004,0.4466445545355479,0.8440033355398331,10.703457474708557,0.0017243882959413345,0.2846792953694866,0.9096607669616519,1.019287789891834,0.6495398773006135
1005,0.4479030855000019,0.843994738787686,10.382823864618937,0.0018332970304218398,0.2319281611188175,0.9315162936974524,0.9440442632210937,0.710352422907489
1006,0.4489988585313161,0.8433757726330993,10.077353596687317,0.0018605242140419661,0.24545532999210362,0.9296772990113785,0.6528318502264403,0.8053753475440223
1007,0.44845014065504074,0.8433929661373933,10.034193634986877,0.0018968271255354679,0.2543404199216647,0.9212584738397358,0.8368909911090092,0.7371007371007371
1008,0.44867827991644543,0.8436680622060986,9.931668440500895,0.0018968271255354679,0.27371293023974647,0.9137899873486355,0.5768999723320075,0.8483245149911817
1009,0.4492689420779546,0.8439087712662157,9.71564269065857,0.0020148115878893488,0.2695748648029314,0.9208542713567839,0.698997437953949,0.7902439024390244
1010,0.44894348084926605,0.8435649011803341,9.703662355740866,0.0020238873157627244,0.2491473053590084,0.9246610605800584,0.6086178695613688,0.7977272727272727
1011,0.4490496714909871,0.8438228037447453,9.636098663012186,0.002042038771509475,0.24704535386522108,0.9271380700035625,0.6565084003393262,0.8195991091314031
1012,0.45011866216858226,0.843324192120217,9.51650627454122,0.0021146445944964787,0.25193533444200206,0.9286725663716814,0.8267501952287591,0.7325263631687243
1013,0.44942449778318405,0.8435047239153048,9.48359501361847,0.002123720322369854,0.21451557457795803,0.9348005319148937,0.6229155255743295,0.7892561983471075
1014,0.4501873167852561,0.8434617401545697,9.362391153971354,0.0021509475059899802,0.2274917930547424,0.9307407407407408,0.7709783959610611,0.7428087986463621
1015,0.45208829765518505,0.8436422719496575,8.907034516334534,0.00235061351920424,0.20598953695031208,0.9367666232073012,0.7394624040505596,0.7840083073727934
1016,0.45112889880935353,0.8432296278465996,8.995615442593893,0.0023143106077107385,0.2557158733846913,0.918847258243794,0.9173674383518858,0.7204968944099379
1017,0.45219147329529125,0.8429201447693061,8.839901407559713,0.0023143106077107385,0.3162686260517623,0.9145381217591704,0.6127577363969525,0.8223234624145785
1018,0.45193196708957356,0.8429201447693061,8.91510784626007,0.002205401873230233,0.226098829290131,0.9294562226140856,0.8496724497782041,0.7328767123287672
1019,0.4511633825798829,0.8435734979324812,8.79343310991923,0.0023143106077107385,0.2243669921344124,0.9295184926727146,0.6449188821931039,0.8180645161290323
1020,0.45053713023662567,0.8430576928036588,8.814774314562479,0.0022961591519639877,0.22192435398377117,0.9326040931545518,0.8026073579328606,0.7325301204819277
1021,0.4494810613493125,0.8438228037447453,8.84468126296997,0.0022961591519639877,0.26542699229796834,0.9231910334597,0.5129751747984304,0.8481848184818482
1022,0.44967761635780334,0.8440978998134505,8.700507124265036,0.0024141436143178684,0.19464235919176315,0.9383799597732675,0.9654887652674387,0.736046511627907
1023,0.449685987085104,0.8440635128048624,8.607603112856546,0.0024232193421912436,0.22450441975575858,0.931632096069869,0.7282004289245128,0.7784730913642053
1024,0.44860732307036716,0.843994738787686,8.682729164759317,0.002341537791330865,0.22615492765710798,0.9287904599659285,1.1671587317979255,0.7074829931972789
1025,0.44940242543816566,0.8435219174195989,8.508087635040283,0.00245044652581137,0.2245651505221128,0.9310350901916573,0.7507316186509729,0.790722761596548
1026,0.4491049026449521,0.843762626479716,8.561741550763449,0.002432295070064619,0.27310341961788887,0.9248245907116606,0.663633074800847,0.8050847457627118
1027,0.44789376854896545,0.8435219174195989,8.715717792510986,0.00235061351920424,0.18759420899674295,0.9425481672932331,,
1028,0.4487825458248456,0.8432554181030407,8.604769547780355,0.0024413707979379948,0.2549459071224918,0.9254594490874979,0.6596862028253839,0.7943262411347518
1029,0.44901983191569644,0.8434703369067167,8.538167039553324,0.0025230523487983735,0.24074509022446,0.9278333333333333,1.0535110272853845,0.7231833910034602
1030,0.44773853942751884,0.8436852557103927,8.515740116437277,0.002577506716038626,0.23422537860592801,0.9242714517725005,0.5495404772301937,0.8280141843971631
1031,0.4474736216167609,0.8440205290441272,8.475318988164267,0.002595658171785377,0.19141347651907625,0.9384615384615385,0.9005456748967936,0.7330754352030948
1032,0.44720566272735596,0.8444589634036261,8.431251406669617,0.0026228853554055034,0.2021264084651832,0.941578850064707,0.49436349943832114,0.8637037037037038
1033,0.4459810641904672,0.8448544140023899,8.529500842094421,0.002568430988165251,0.19621025374305717,0.9380266853932584,,
1034,0.44597016895810765,0.844433173147185,8.494515577952066,0.002568430988165251,0.24092959909677023,0.9265969076995159,0.5489315407478857,0.8461538461538461
1035,0.44698355595270794,0.8446223016944199,8.353164792060852,0.0026591882668990053,0.23609544911931393,0.9322381930184805,0.6374041603407176,0.8189066059225513
1036,0.44731538370251656,0.8449231880195662,8.222687602043152,0.0026591882668990053,0.22424307754465633,0.9391273119051894,0.5983334587694242,0.8426724137931034
1037,0.44790495187044144,0.8447684464809195,8.136620163917542,0.002713642634139258,0.28384470079205376,0.9187849813432836,0.6077316340885626,0.8282674772036475
1038,0.44734389583269757,0.8443214153692735,8.2000625928243,0.002568430988165251,0.2245068586314431,0.9273204284610717,0.8090599041718703,0.7259615384615384
1039,0.4484603864451249,0.8444933504122143,7.952171742916107,0.002858854280113265,0.21271478552557857,0.9343940286780593,0.7099174583522269,0.8107370336669699
1040,0.4474448511997859,0.8449059945152722,7.942140320936839,0.0028407028243665144,0.22690958976687745,0.9306379821958457,0.6501437216724979,0.8148098601598174
1041,0.4469684287905693,0.8450349457974777,7.888520399729411,0.0028951571916067667,0.2421442145810537,0.9281848659003831,0.47837507736926177,0.8625850340136054
1042,0.44674677525957424,0.8441064965655976,7.932467361291249,0.0029042329194801423,0.266062791959014,0.9235618597320725,0.5095744330278584,0.8497652582159625
1043,0.4463774226605892,0.8443128186171265,7.930998543898265,0.0029314601031002687,0.2011729387841653,0.9394968915102934,0.9080570618311564,0.7391304347826086
1044,0.44752031316359836,0.8443472056257146,7.663664559523265,0.0032128076671749076,0.20790520885006183,0.9341917024320457,0.7349577696937504,0.8090909090909091
1045,0.4471856305996577,0.8447942367373606,7.614274422327678,0.0032763377622885355,0.22813359111699275,0.9325716426297059,0.7057822509484144,0.8061674008810573
1046,0.4464775510132313,0.8447942367373606,7.669381121794383,0.0032128076671749076,0.22594178738876702,0.9272592148871373,0.6956739259165758,0.7653631284916201
1047,0.44704090307156247,0.8449059945152722,7.606598734855652,0.00326726203441516,0.21270002732595916,0.9345631067961165,0.5995993167161942,0.8444444444444444
1048,0.4474019706249237,0.8448286237459488,7.607128759225209,0.0033580193131489146,0.2466967308154321,0.9270388404806651,0.5884180456467192,0.8465011286681715
1049,0.4479726528127988,0.8445449309250965,7.423058410485585,0.0035576853263631744,0.2530400298170253,0.9277623795547224,0.4966279662731244,0.8623518687329079
1050,0.44810572266578674,0.8445449309250965,7.328545490900676,0.0038481086183111885,0.19874782829155602,0.9383974717604433,0.6332226018781311,0.8392638036809816
1051,0.44888771201173466,0.8448200269938018,7.232157230377197,0.003947941624918318,0.25360865840131197,0.9264164890988822,0.6403356019633445,0.8039492242595204
1052,0.4490380783875783,0.8450091555410366,7.2198265592257185,0.004038698903652073,0.21351555637041758,0.9387102504885415,0.790477656011712,0.7945205479452054
1053,0.4481436585386594,0.8447426562244784,7.220918436845143,0.004020547447905322,0.21320523083735302,0.9305705059203444,0.6579122815971021,0.8351851851851851
1054,0.44734815259774524,0.844656688703008,7.186055819193522,0.0041657590938793294,0.2229324481897356,0.9326248298741069,0.5911486952336963,0.8458083832335329
1055,0.4471325601140658,0.844880204258831,7.180816312630971,0.004247440644739708,0.23037631881151532,0.9332929486039482,0.4420426154720757,0.8797327394209354
1056,0.44665805126229924,0.8450607360539188,7.193380157152812,0.004274667828359834,0.2795597390659069,0.9177272636696955,0.7090027544930665,0.8421052631578947
1057,0.4454506387313207,0.8449403815238603,7.2551102836926775,0.004192986277499456,0.21247876699861226,0.9357717726240675,0.7309153660551294,0.8181818181818182
1058,0.44492025797565776,0.8449919620367425,7.319195628166199,0.004192986277499456,0.22417822671174878,0.932614054375484,,
1059,0.4444801037510236,0.8450091555410366,7.260379175345103,0.0044471066579539675,0.18678397525803875,0.9467550473579263,0.6968069953628045,0.8094302554027505
1060,0.4441269760330518,0.8451123165668011,7.233795364697774,0.004574166848181224,0.2221332324928134,0.9427962604076944,0.3673428445045351,0.9051918735891648
1061,0.44360341876745224,0.845310041866183,7.290837049484253,0.004438030930080592,0.24960929964245215,0.9305601590984421,0.4847762757159294,0.8468085106382979
1062,0.4437865975002448,0.845095123062507,7.266918937365214,0.004410803746460466,0.24991745371533164,0.9332610093217616,0.6253197599177392,0.8344519015659956
1063,0.44373397529125214,0.8452326710968596,7.216205815474193,0.004556015392434473,0.19949265778570227,0.9385755438790561,0.4965734592505864,0.8920634920634921
1064,0.44394660616914433,0.8453960093876534,7.315500716368358,0.004428955202207217,0.2219381746079307,0.93075927734375,,
1065,0.4432266714672248,0.8450779295582129,7.349847932656606,0.004438030930080592,0.20309913015227932,0.9389889599070308,0.3529702111294395,0.9234449760765551
1066,0.44410206998387974,0.8451638970796833,7.143342912197113,0.004837362956509112,0.2585290116164988,0.9245008319467554,0.4903733723980057,0.8838268792710706
1067,0.4448135507603486,0.8445965114379788,7.132163385550181,0.0048736658680026135,0.23626047567936218,0.9309596963672511,0.6076790707407838,0.8419689119170984
1068,0.4445294626057148,0.8450005587888896,7.075883527596791,0.004928120235242866,0.24653788128099413,0.922725611983924,0.46983128731320134,0.8759571209800919
1069,0.44386668503284454,0.8451123165668011,7.03604918718338,0.00500072605822987,0.24792949486114116,0.9254303106633082,0.453086139589613,0.8823529411764706
1070,0.4437847187121709,0.8447770432330666,7.068093279997508,0.0050279532418499966,0.2243627604845713,0.9399281749918381,0.2974317967891693,0.8921568627450981
1071,0.4443083231647809,0.8449145912674192,6.95345006386439,0.0053002250780512595,0.25932060805173285,0.9263869132290184,0.6271161190111736,0.8135168961201502
1072,0.4441256932914257,0.8454991704134178,6.8787073493003845,0.005381906628911639,0.21507904910192757,0.9369930201848707,0.41882277433264076,0.8883248730964467
1073,0.4446861781179905,0.8450349457974777,6.831327319145203,0.005708632832353155,0.21752347909836825,0.9338976037549407,0.26911707434040055,0.9320486815415822
1074,0.4442022244135539,0.845327235370477,6.831839481989543,0.005645102737239526,0.23172613881554452,0.9303587051618548,0.3161854492990594,0.9210526315789473
1075,0.4441654396553834,0.8451810905839774,6.815088609854381,0.0056632541929862775,0.2156959805481727,0.9337914850821321,0.5983404622668713,0.8362831858407079
1076,0.4445669303337733,0.8449833652845955,6.758391777674357,0.005636027009366151,0.2558134383705903,0.9211311389759665,0.5765586557888216,0.8629032258064516
1077,0.44462356219689053,0.8453014451140359,6.735114634037018,0.005790314383213533,0.26478502430196604,0.9153030030570042,0.49893857111101564,0.8956521739130435
1078,0.44428245971600216,0.8452842516097419,6.790404438972473,0.005554345458505772,0.2267184952488495,0.929098492139878,0.4559035096648177,0.8816568047337278
1079,0.443657323718071,0.8447942367373606,6.73593533039093,0.005763087199593407,0.23631408626335423,0.9331888768508487,0.48659388179841795,0.887719298245614
1080,0.44422151520848274,0.8451381068232422,6.6279137134552,0.006080737675161548,0.2760688735337047,0.9226909039865244,0.41549916642626333,0.8976683937823834
1081,0.4443923073510329,0.8451553003275363,6.58154837290446,0.006407463878603064,0.19525393927115164,0.9390339407400332,0.4526397007694845,0.863568215892054
1082,0.44379566237330437,0.8453616223790652,6.595848401387532,0.006407463878603064,0.21868701213174632,0.93417763706049,0.5563324669311787,0.8591954022988506
1083,0.4437772122522195,0.8455679444305941,6.564023832480113,0.006670659986930952,0.2457291951661348,0.9293266330575664,0.5438166694796603,0.8722826086956522
1084,0.4438985325396061,0.8451295100710952,6.574216604232788,0.0068067959050315836,0.21928297264872115,0.9314641578588476,0.588226858774821,0.8613333333333333
1085,0.44420377910137177,0.8448544140023899,6.503622055053711,0.0070790677412328465,0.2757532146168155,0.9212999474237644,0.48559297609961394,0.8893939393939394
1086,0.44379395867387456,0.8451295100710952,6.5335799853007,0.0068794017280185875,0.19744542194514458,0.9426033481380253,0.5435537764767431,0.8632075471698113
1087,0.44405173882842064,0.8451209133189481,6.47634893655777,0.007197052203586728,0.21088215195887516,0.9267872523686477,0.43641876984259176,0.8862068965517241
1088,0.4438520434002082,0.8455851379348882,6.327237486839294,0.007959413344950265,0.2597958681510069,0.9323560209424083,0.5286401311325473,0.8662790697674418
1089,0.4432991382976373,0.8455249606698589,6.349196076393127,0.008104624990924273,0.26293522173922806,0.9314488828706838,0.7462145541165326,0.8108108108108109
1090,0.44340943296750385,0.8451381068232422,6.229866107304891,0.009030349234008568,0.18254017392523583,0.9433921619825294,0.40196438842932547,0.8853633572159673
1091,0.4433948298295339,0.8449231880195662,6.168788055578868,0.00948413562767734,0.20282574870031356,0.934144222415291,0.45941931789239215,0.871517027863777
1092,0.4435816891491413,0.845095123062507,6.06921261548996,0.010219269585420751,0.21602728013478484,0.9298932384341637,0.4276547809250844,0.8923076923076924
1093,0.4443085889021556,0.8451467035753892,5.9062231580416364,0.011680461773034197,0.28605759211720966,0.9144695868798007,0.35627746716881775,0.9006685768863419
1094,0.44360217203696567,0.8453358321226241,5.957164903481801,0.01131743265809918,0.2088240084329406,0.9379073756432247,0.36607150655565607,0.8859315589353612
1095,0.4438355080783367,0.8453444288747711,5.9057528376579285,0.012034415160095839,0.2234648417128365,0.9360677835547853,0.3997586151363991,0.8972457627118644
1096,0.4435231685638428,0.8452842516097419,5.930626730124156,0.011989036520728963,0.24374078872099467,0.9202533701477993,0.44844168986745936,0.9011976047904192
1097,0.442933348317941,0.8451123165668011,5.995719055334727,0.011653234589414072,0.22527503202867422,0.9324930939226519,0.29327842977087376,0.911864406779661
1098,0.4433325057228406,0.8451381068232422,5.771964430809021,0.013922166557757932,0.23318216705007197,0.9250433275563258,0.3893646377250345,0.8955431754874652
1099,0.443247231344382,0.8451295100710952,5.709907035032908,0.014811587889348726,0.2281476318130557,0.9275441470963044,0.39993319310903863,0.911957950065703
1100,0.4428587332367897,0.8453358321226241,5.716011921564738,0.015192768460030495,0.21668921069871228,0.9288620613216353,0.35544173402369633,0.8979591836734694
1101,0.44278370092312497,0.8452584613533007,5.788672665754954,0.014521164597400712,0.21608929697568044,0.9340558693329263,,
1102,0.44280995304385823,0.8454991704134178,5.731938083966573,0.0158552965947869,0.21740534313653104,0.9404411764705882,0.38938444931118793,0.8984238178633975
1103,0.44336050748825073,0.8456711054563586,5.604006290435791,0.01825128875335802,0.16899538483808435,0.9471612595419847,0.42486300508701996,0.8830645161290323
1104,0.44330813611547154,0.8460923463115635,5.607395907243093,0.01870507514702679,0.1953043081631136,0.9468327776802948,0.36146409675600744,0.888283378746594
1105,0.4432108091811339,0.8458430404992994,5.606419642766316,0.019131634357075437,0.2925891082095875,0.9144553720541845,0.36918646113957515,0.9061913696060038
1106,0.4427420025070508,0.8458344437471523,5.605167090892792,0.019077179989835186,0.23290144721457737,0.9263192831065383,0.3721626547593919,0.8956916099773242
1107,0.4433712139725685,0.8459290080207698,5.4810124437014265,0.021309809046685543,0.28472578474397137,0.9183439265536724,0.4602986675592313,0.8926080892608089
1108,0.4422199986875057,0.8459376047729168,5.562467793623607,0.020375009075727875,0.2014632266282434,0.9309496473675578,,
1109,0.4418972432613373,0.8460235722943872,5.54719082514445,0.0214368692369128,0.20275684826607232,0.9403398596231991,0.3335965094613094,0.9243697478991597
1110,0.441399243970712,0.8457484762256819,5.519860068957011,0.022208306106149715,0.22451330085601437,0.9326903757283505,0.3425537865393569,0.906519065190652
1111,0.4409484813610713,0.8457914599864171,5.548478086789449,0.02163653525012706,0.2265210765431557,0.9315485732606604,0.35356343315358746,0.9064327485380117
1112,0.441268449028333,0.8457914599864171,5.4920773307482404,0.023533362375662528,0.2363218237444394,0.9234363767074047,0.40630110836266015,0.9051987767584098
1113,0.4408309223751227,0.845971991781505,5.460821092128754,0.025076236114136355,0.18479961333651126,0.9481320275661952,0.43538949239030655,0.8852459016393442
1114,0.4417215387026469,0.8459118145164757,5.443368275960286,0.02576599143251289,0.2723543189445995,0.9207920792079208,0.36442900489358343,0.8988235294117647
1115,0.44186117500066757,0.8456539119520645,5.423118034998576,0.0270910477020257,0.23021760001251432,0.9348652669862787,0.3810225143886748,0.88
1116,0.44131385162472725,0.8460063787900931,5.396224280198415,0.029396282581863064,0.20674682196455185,0.9347085201793722,0.4496438782135441,0.9048843187660668
1117,0.44069482013583183,0.8457398794735349,5.410824457804362,0.02883358745371379,0.2341925751893098,0.9384010484927916,0.4352843528444117,0.8772727272727273
1118,0.4406851592163245,0.845327235370477,5.373980899651845,0.029196616568648807,0.21673995968071927,0.9329960194375516,0.32397068095585657,0.9174603174603174
1119,0.440916924426953,0.845310041866183,5.310957392056783,0.0321553038553692,0.25668861552217165,0.9241567912488605,0.3975189721548682,0.9192825112107623
1120,0.440727091083924,0.8454475899005356,5.264946460723877,0.03423364553837218,0.2066097553161818,0.9301411470430588,0.39538571892623126,0.9011108475648323
1121,0.4412909857928753,0.845542154174153,5.172098537286122,0.03835402599288463,0.29985774627821893,0.9100732600732601,0.2883607612508218,0.932601880877743
1122,0.44096315776308376,0.8454132028919474,5.185007492701213,0.03827234444202425,0.23608933835597345,0.9283814489165397,0.36543967461628124,0.8480565371024735
1123,0.4414687640964985,0.8448200269938018,5.138825694719951,0.04083169970231613,0.22270961911703957,0.9327784856599862,0.3778843213094781,0.9072847682119205
1124,0.4422399004300435,0.8445965114379788,5.035073856512706,0.04530603354389022,0.23955911421468137,0.9262062440870388,0.2644040430870759,0.9274106175514626
1125,0.4419941169520219,0.8450005587888896,4.929475784301758,0.05234879837362957,0.2412289134811442,0.9253759398496241,0.3432486129291166,0.9116751269035533
1126,0.441305011510849,0.8452068808404185,4.959287067254384,0.05088760618601612,0.18657702952068814,0.9469150993144665,0.45827824572722115,0.8916666666666667
1127,0.4409473774333795,0.845327235370477,4.957241356372833,0.052321571190009436,0.18325332585704324,0.9416342045062155,0.4333578535539661,0.8682634730538922
1128,0.44074301173289615,0.8454561866526826,4.852748453617096,0.06251361359181007,0.2524975194787528,0.9218809252938945,0.44955181240723396,0.8926701570680629
1129,0.4412895242373149,0.8451724938318304,4.725836873054504,0.07467508894213316,0.2421072782557001,0.9301639948406117,0.3610982922229058,0.9132302405498282
1130,0.4407793655991554,0.8453358321226241,4.771739065647125,0.07461155884701953,0.19392878783874518,0.9354568173631124,0.37703937292099,0.8823529411764706
1131,0.44072772189974785,0.8453358321226241,4.69117287794749,0.08553873520656356,0.19241877640993532,0.9386448449779566,0.4394634924112604,0.8762019230769231
1132,0.4408293341596921,0.845310041866183,4.631785710652669,0.09316234662019894,0.21528962881302657,0.9336379892708127,0.3640347732739015,0.9146005509641874
1133,0.4414299155275027,0.8451123165668011,4.57526437441508,0.09944275030857475,0.22853254318859814,0.9266247379454927,0.42857744052164576,0.8986710963455149
1134,0.44126292193929356,0.84508652631036,4.48098611831665,0.10889058302475858,0.19802456473195404,0.944434120052035,0.38218136724164364,0.908256880733945
1135,0.44137458006540936,0.8450177522931837,4.450691560904185,0.1121759965149205,0.2325442068557272,0.9322141273360786,0.5959214983473671,0.8609715242881072
1136,0.4411697946488857,0.8452412678490067,4.3598136107126875,0.12260400784142889,0.25447716945845456,0.9172562893081762,0.2649605566317201,0.9377123442808607
1137,0.4405016042292118,0.8457140892170938,4.3498890201250715,0.12417410876352283,0.20557479675771875,0.9357577995200296,0.24557071995314722,0.9356846473029046
1138,0.44090864434838295,0.8455765411827412,4.2280170520146685,0.13705256661584259,0.2255696817346572,0.9330042299177737,0.3389983483863588,0.9073783359497645
1139,0.44045977170268696,0.8459633950293579,4.217228611310323,0.1402653742830175,0.2226498002954189,0.9309813116100766,0.28123000722665054,0.9307692307692308
1140,0.44090476756294567,0.8456625087042116,4.153044641017914,0.14846075655267552,0.2235166847536499,0.9317903559992465,0.4387431693255739,0.8760217983651226
1141,0.4411079213023186,0.8457828632342701,4.174397428830464,0.15084767298337326,0.22416102787161182,0.9340898298185766,0.26093283896729097,0.9186440677966101
1142,0.4409829204281171,0.8458516372514464,4.06943811972936,0.16034996006679736,0.19057101928008296,0.9420930722257317,0.3024528921614179,0.9223928860145514
1143,0.4404216917852561,0.8456968957127997,4.08388090133667,0.16008676395846946,0.21261991808660785,0.9337894584419346,0.2773520138050361,0.8963893249607535
1144,0.43977976590394974,0.845310041866183,4.115179200967153,0.15838960284614825,0.22240886593061698,0.9267418950385098,0.25084625714577286,0.9395973154362416
1145,0.4398076795041561,0.8451810905839774,4.040980617205302,0.16678465112902055,0.2234732103851568,0.93070381762258,0.23182620848225213,0.9427430093209055
1146,0.43940797075629234,0.8454819769091237,4.034729192654292,0.16909896173673128,0.21416552973265668,0.9298888313209588,0.42445898380889713,0.9075829383886256
1147,0.4394761100411415,0.8454905736612708,4.016402214765549,0.17305597908952297,0.2432504356774109,0.9285950413223141,0.3208719963086364,0.9211956521739131
1148,0.4402082872887452,0.8454905736612708,3.9584119816621146,0.17988092645030132,0.24842980479878776,0.9332574895714827,0.35020205274697913,0.921760391198044
1149,0.4406800953050454,0.8453014451140359,3.8914707005023956,0.18630654178465114,0.256736623490085,0.9289572761499427,0.22198142751567698,0.9443585780525502
1150,0.4400487244129181,0.8452068808404185,3.9457373519738517,0.18300297683874248,0.20467858482386014,0.9414285059513736,0.3187442339481191,0.9361702127659575
1151,0.43972081194321316,0.8455077671655649,4.00226362546285,0.17941806432875917,0.25436698125611584,0.9315493638179607,,
1152,0.44012368222077686,0.845095123062507,3.9974776605765023,0.18059790895229796,0.24371769291216575,0.92431640625,0.25067823177628346,0.9298245614035088
1153,0.44023389120896655,0.8452498646011537,3.983700821797053,0.18393777680970014,0.2693598782491953,0.9207972270363951,0.33579965051633104,0.9115281501340483
1154,0.4396319165825844,0.8454905736612708,3.9489401380221048,0.1878675669788717,0.23003116786521363,0.9279077292899408,0.22122253146868773,0.9373368146214099
1155,0.4395364113152027,0.8456195249434764,3.8894199629624686,0.19223299208596528,0.24537397006057468,0.9261308727326792,0.23909804549652972,0.9418221734357849
1156,0.43895964945356053,0.8458258469950053,3.912927428881327,0.1906447397081246,0.1936519459808954,0.9438746969979489,0.3783769227972078,0.900497512437811
1157,0.4396793656051159,0.8449747685324485,3.7933061718940735,0.20272453350758732,0.2354451731645275,0.92750821573555,0.2784870149985327,0.9261565836298933
1158,0.4393565431237221,0.8453788158833593,3.793058236440023,0.20259747331736006,0.28327029633808504,0.9222043987970101,0.2985659921340805,0.920863309352518
1159,0.4397590433557828,0.8450349457974777,3.69682115316391,0.21435961664125464,0.2193394296661342,0.9421003142258617,0.24338772063655728,0.9341383095499451
1160,0.439480759203434,0.8453444288747711,3.739413261413574,0.2127804399912873,0.18512962879381856,0.9409214191882588,0.31255957680910373,0.9289340101522843
1161,0.44036815315485,0.8445363341729495,3.7375866870085397,0.21341574094242358,0.2013493931167476,0.9370086024101444,0.4099550125305816,0.8912529550827423
1162,0.4391230021913846,0.8452756548575948,3.6549334029356637,0.2233899658752632,0.20323458030281388,0.9356053100851991,0.2925643340529711,0.9233038348082596
1163,0.43900767465432483,0.8449145912674192,3.6950325469175973,0.2194057213388514,0.27055671729213476,0.9160354552780016,0.16180336475372314,0.9699570815450643
1164,0.43858868877093,0.8455851379348882,3.5595936477184296,0.23387243156901183,0.21333639552880063,0.9301690924657534,0.3630539364446361,0.8953488372093024
1165,0.438242311278979,0.845542154174153,3.5672509471575418,0.23250199666013213,0.22508625568185367,0.9334498094027954,0.39153191703494894,0.9021164021164021
1166,0.43804866820573807,0.8456968957127997,3.5706340869267783,0.23293763159805417,0.22495004948526606,0.932900475812847,0.27748054367090974,0.9089285714285714
1167,0.43807783847053844,0.8457398794735349,3.525206367174784,0.24011653234589414,0.1938225149154185,0.944844989185292,0.38967541675957096,0.9139072847682119
1168,0.4374586082994938,0.8460837495594165,3.546059528986613,0.24074275756915706,0.21091510025669816,0.9326875406973302,0.21953640653277343,0.9559748427672956
1169,0.43843359251817066,0.8461697170808868,3.4568585952123008,0.2526773397226458,0.22167996679112079,0.9334438699040767,0.31739841199896235,0.9201557935735151
1170,0.4381846400598685,0.8462642813545043,3.4002864062786102,0.2599560734770929,0.2029022314967543,0.9367537313432835,0.22961044875936135,0.9497206703910615
1171,0.4381602592766285,0.846436216397445,3.2821914851665497,0.2730977274377405,0.2012649820481089,0.9393559928443649,0.33986173730494357,0.9180651530108588
1172,0.43830293665329617,0.8462212975937691,3.1514477034409842,0.2881089813403035,0.20940575259646949,0.9384692565461347,0.27407241260090215,0.9291338582677166
1173,0.4383990565935771,0.8462556846023572,3.0954472621281943,0.2951698976257896,0.22054277401823233,0.9347697173354418,0.34521076344183566,0.9274691358024691
1174,0.4378027121225993,0.8459290080207698,3.052714357773463,0.30025230523487983,0.19488677632154522,0.9389102916895983,0.3329440774306224,0.9115755627009646
1175,0.43766285479068756,0.8459977820379461,3.0989287296930947,0.29536048791113045,0.22545759539651652,0.9338899301414211,0.3451569855213165,0.9096774193548387
1176,0.43773987144231796,0.8461869105851809,3.090445468823115,0.29747513250562696,0.2164600698410247,0.9344666197284808,0.44320165397930733,0.8558282208588958
1177,0.4379717782139778,0.8459118145164757,3.0702675779660544,0.3005790314383214,0.2510449719946662,0.9295471556886228,0.3014640377285624,0.9172276088169643
1178,0.43734508007764816,0.845971991781505,3.047420620918274,0.30520765265374283,0.2064255724625208,0.9376359434475259,0.3006329092378426,0.9151414309484193
1179,0.43690570443868637,0.8461267333201516,3.067673017581304,0.30335620416757425,0.21091557393611762,0.9314729777463794,0.374596616851724,0.8953068592057761
1180,0.436796144892772,0.8462986683630924,3.043715258439382,0.3059881652508531,0.25253586722152654,0.9170862117657282,0.22735646985826038,0.939047619047619
1181,0.43661949162681896,0.846195507337328,3.02092452843984,0.3095095476657228,0.20390095167704406,0.942261289210617,0.28326313737509906,0.9184782608695652
1182,0.43716661011179286,0.8456625087042116,3.0749521354834237,0.3033834313511944,0.2584779398038159,0.918918918918919,,
1183,0.4371406262119611,0.8454132028919474,3.1145967344443,0.2992993538081754,0.224217509932016,0.9381527415143603,0.35463417752408516,0.9313725490196079
1184,0.437286339700222,0.8453444288747711,3.0633367796738944,0.3057703477818921,0.25758234590910956,0.9300070521861777,0.22015821289842147,0.9518248175182482
1185,0.4374160096049309,0.8453014451140359,3.0040559470653534,0.31292202134611197,0.1895696856660911,0.9386887039567877,0.34056334112667375,0.9111111111111111
1186,0.4374036652346452,0.8455851379348882,3.0029228230317435,0.3133395048282872,0.23179243080977158,0.9313311688311688,0.2872918168839334,0.9146757679180887
1187,0.43729491407672566,0.8457140892170938,3.003135770559311,0.3138023669498294,0.23347228978271045,0.9271161172767931,0.45065310623562127,0.8736842105263158
1188,0.4370751716196537,0.845533557422006,3.0125012596448264,0.3133485805561606,0.19705890097479023,0.9388148386060703,0.3711142717997233,0.904
1189,0.43693774193525314,0.8458000567385642,2.943582127491633,0.3209994191534161,0.23277853178787086,0.9329012581014106,0.2802896600621765,0.9310344827586207
1190,0.43659747764468193,0.8461267333201516,2.859050323565801,0.33150003630291147,0.21221964682649724,0.9353159851301115,0.28131733942410847,0.9407514450867052
1191,0.436491247266531,0.8465565709275036,2.793178935845693,0.3409206418354752,0.22980708643908204,0.9305048939145238,0.24101099876406926,0.9424836601307189
1192,0.4359169974923134,0.8468058767397677,2.770128607749939,0.3455129601394032,0.21827219425384292,0.9353729560677699,0.24102759177428595,0.9479015918958031
1193,0.43557524556914967,0.8463588456281217,2.784215748310089,0.34441479706672473,0.20960070145456358,0.9425031766200762,0.35545301646517036,0.9122807017543859
1194,0.43676342566808063,0.8465479741753565,2.7344468533992767,0.35061351920424016,0.2666932758916631,0.9192660550458716,0.2712781083854762,0.926948051948052
1195,0.4371052235364914,0.8462470878502102,2.712210257848104,0.35516045886880127,0.19210772191920747,0.9395829620388523,0.2691410497904223,0.9179229480737019
1196,0.4367873507241408,0.846436216397445,2.6448323726654053,0.36418173237493645,0.430169816561844,0.9111666072065644,0.2058235045884779,0.931067044381492
1197,0.43656471992532414,0.8466253449446799,2.5831147829691568,0.37211391853626663,0.23764819136703783,0.935460077447907,0.2525732966790111,0.9376053962900506
1198,0.4364248563845952,0.8465307806710625,2.594021330277125,0.37205038844115296,0.228804659844215,0.9309553683151081,0.2579738512557214,0.9267015706806283
1199,0.43656396369139355,0.8463760391324158,2.639918774366379,0.36526174399186817,0.30432644642384643,0.9217171717171717,,
1200,0.4358796489735444,0.8464792001581802,2.702965478102366,0.35696652871560297,0.21115119658928302,0.9308391712624833,,
1201,0.43637613703807193,0.8458946210121816,2.6117669542630515,0.370117258404124,0.23412992677084168,0.9276359973136333,0.26334001672155455,0.9268867924528302
1202,0.4360917309919993,0.8463846358845628,2.5988942583402,0.37417410876352286,0.18579878065104175,0.9431859043509528,0.23735287426569998,0.9387417218543046
1203,0.43634962538878125,0.8465995546882388,2.552984962860743,0.38144376679009656,0.2639219346625083,0.9216894487838952,0.31502323110898334,0.9253333333333333
1204,0.4366743837793668,0.8463416521238276,2.549028048912684,0.3826236114136354,0.23110566575929753,0.9295329898620575,0.2064759518493686,0.9263157894736842
1205,0.43628261983394623,0.846659731953268,2.534279237190882,0.3859544035431642,0.2040048206123985,0.9343841642228738,0.19263176982607239,0.9548088064889919
1206,0.43643749753634137,0.8465651676796506,2.4901587764422097,0.39541131198722135,0.20637489911977214,0.9385604572245044,0.22954406308199832,0.9461077844311377
1207,0.43622293571631116,0.8465995546882388,2.5065105656782785,0.39373230233064693,0.22924758179634572,0.9245884227296867,0.3008579206749664,0.9228486646884273
1208,0.43600154171387356,0.8463588456281217,2.481384575366974,0.39712662455528935,0.23914255537531331,0.9263859348992047,0.2737970823712919,0.920265780730897
1209,0.43586496884624165,0.8462470878502102,2.3911598126093545,0.4125916648515211,0.24397957937243941,0.9266365688487584,0.2733863515067634,0.926829268292683
1210,0.435610839476188,0.8465221839189154,2.3755961855252585,0.41585892688593623,0.19902913095314367,0.9384084906837464,0.26149692391503593,0.9450800915331807
1211,0.43537406499187153,0.8465651676796506,2.3686320086320243,0.41744717926377695,0.20064688087796298,0.9324181626187962,0.1719294042067926,0.9593679458239278
1212,0.4354713174204032,0.8465393774232095,2.3036581774552665,0.42880091483336963,0.22078691218754143,0.9286506469500925,0.27171943597732834,0.9401273885350319
1213,0.4352592962483565,0.8467285059704444,2.277965118487676,0.43430080592463516,0.20912850017951473,0.9364829396325459,0.2591910067277077,0.9333333333333333
1214,0.4351832829415798,0.8463244586195335,2.1902455389499664,0.44939374137805854,0.21065168205487192,0.9374613003095975,0.19639876985352667,0.9499105545617174
1215,0.43532924229900044,0.8463760391324158,2.160457173983256,0.45595549263050894,0.228469940738744,0.9327853881278538,0.2996732133783792,0.9131578947368421
1216,0.4358176526923974,0.8462900716109454,2.0819796919822693,0.47122086691352644,0.26610974705359586,0.9148163100524829,0.20403393326102529,0.9455252918287937
1217,0.4355334813396136,0.8465135871667684,2.057200570901235,0.47660277354243813,0.21436247751116752,0.9332214765100671,0.26843639986515044,0.9296
1218,0.43650979176163673,0.8455507509263,2.062767048676809,0.4733808901473898,0.26942032348736683,0.9223442466956667,0.24179496261149802,0.9424083769633508
1219,0.4358900412917137,0.8459633950293579,2.062684734662374,0.4750598998039643,0.23030204393863946,0.932129963898917,0.22134365895383365,0.9448441247002398
1220,0.435434232155482,0.8460493625508283,2.062172849973043,0.47643033471284396,0.21511928715997392,0.9295822676896845,0.21323068599481726,0.9420654911838791
1221,0.43532392630974454,0.8460837495594165,2.0508525470892587,0.4788354025992885,0.22548351619927112,0.934563954671224,0.17701789796954454,0.9545454545454546
1222,0.43543481081724167,0.845757072977829,2.0417759170134864,0.48033289769839543,0.23314976821314504,0.9253704695590074,0.2513850287128897,0.9294117647058824
1223,0.4353613431255023,0.8454905736612708,1.9943659802277882,0.4892089595585566,0.21803531016469396,0.9349857781389679,0.19487078333980737,0.946524064171123
1224,0.43476108958323795,0.8462556846023572,2.005857686201731,0.4873665868002614,0.23364285979003196,0.9282517613151153,0.2284130532662947,0.9505494505494505
1225,0.4351186640560627,0.8465221839189154,1.9595702091852825,0.4952987729615915,0.2175332193455008,0.9366103624976276,0.20619029991618557,0.9439359267734554
1226,0.43523330862323445,0.846212700841622,1.959810495376587,0.4958160894503739,0.24763480613375027,0.93004329004329,0.3352123154963378,0.9124343257443083
1227,0.43501589447259903,0.8464706034060332,1.8916151573260624,0.5105459957888623,0.1915038185880906,0.9416135204081633,0.2218941514078687,0.939918533604888
1228,0.43471503009398776,0.8464448131495921,1.9489246010780334,0.5003721048428084,0.20889714783547098,0.9333229474996105,,
1229,0.43438102801640827,0.8465565709275036,1.9228365967671077,0.5052639221665578,0.20752373674878538,0.9341556926154359,0.23245414745898302,0.9372623574144486
1230,0.43422036121288937,0.8466683287054151,1.903924768169721,0.5101194365788136,0.2846684326772919,0.9194345086016011,0.3092590809551556,0.9312320916905444
1231,0.4341383750240008,0.8465737644317977,1.8933679014444351,0.5107002831627097,0.2229420739476866,0.9318832283915284,0.1952467412321667,0.9443742098609356
1232,0.43372587238748866,0.8467972799876207,1.9005662202835083,0.5105187686052421,0.20704994673723745,0.9319177796327212,0.30198127829472027,0.9017199017199017
1233,0.43385837227106094,0.8467886832354736,1.869739865263303,0.5170442169461991,0.2009184429225722,0.9350625793578814,0.15243349140926973,0.9626865671641791
1234,0.4335547648370266,0.8467113124661503,1.8730294903119404,0.5158915995062804,0.20969339692453617,0.943093823158653,0.35895156959692637,0.928395061728395
1235,0.43348251779874164,0.846642538448974,1.883549268047015,0.51293291221956,0.2526933737078262,0.9229765481475811,0.19647913274949766,0.9446494464944649
1236,0.43373628705739975,0.8466081514403858,1.859205886721611,0.5187776809700138,0.2152098236649865,0.9295691520755459,0.20985088580282482,0.9431952662721893
1237,0.43415167927742004,0.8461439268244457,1.747821420431137,0.5420387715094751,0.20792418045567293,0.937561481912418,0.19887356843899098,0.9499417927823051
1238,0.4339238492151101,0.8462212975937691,1.747851550579071,0.5434908879692152,0.17905924750130156,0.9414856341976173,0.37659674630020606,0.8878787878787879
1239,0.4334989587465922,0.8466081514403858,1.7570620973904927,0.5420296957816017,0.1939687589847627,0.9365107281041154,0.24447158587222195,0.9356357927786499
1240,0.4334610365331173,0.8464620066538862,1.7710318366686504,0.5398333696362448,0.2621215816588381,0.9229680867788084,0.23517179742045358,0.9388379204892966
1241,0.4335552627841632,0.8465135871667684,1.7566929906606674,0.5430734044870399,0.24452605001510136,0.9257495590828925,0.21890355163435526,0.9543057996485061
1242,0.43360819295048714,0.8465995546882388,1.7734003365039825,0.5404595948595078,0.2306607598140298,0.9310171198388721,0.17630087856424453,0.9497716894977168
1243,0.4338361496726672,0.8462470878502102,1.7687357515096664,0.5421658316997023,0.2130014492721026,0.9319484240687679,0.19565137587680717,0.9430051813471503
1244,0.4337405823171139,0.8458516372514464,1.7804077714681625,0.5401691715675597,0.21045539582758194,0.9359514579470757,0.19428186496281954,0.9539170506912442
1245,0.43415001531442005,0.8454132028919474,1.7765793999036152,0.5409406084367966,0.19988694322754197,0.9411662617146824,0.1886972142304307,0.9518413597733711
1246,0.43438313404719037,0.845095123062507,1.7768944452206294,0.5414034705583388,0.19965307826049697,0.9357281553398058,0.20740136269728343,0.96
1247,0.4345642415185769,0.8456797022085056,1.6789213518301647,0.5616786466274595,0.27193421902087506,0.9215039577836411,0.21216003813409678,0.9421157684630739
1248,0.4336145843068759,0.8462900716109454,1.6956473141908646,0.5605804835547811,0.17915145007975042,0.9438921651221567,0.20810884009389316,0.95
1249,0.43343980982899666,0.8463072651152395,1.70645476380984,0.5596184564002032,0.17739812050584536,0.9453244762391415,0.18282640223521643,0.9533678756476683
1250,0.43318673968315125,0.8461869105851809,1.7166003435850143,0.5585928991505119,0.21341062940235658,0.933046902971715,0.21908894278720317,0.9312638580931264
1251,0.4331318897505601,0.846427619645298,1.7264273713032405,0.5550805924635156,0.22254840300799933,0.9333765602204571,0.2803443887749234,0.9324324324324325
1252,0.43371788784861565,0.8460751528072694,1.7140815258026123,0.557894068104262,0.2141900214369492,0.9383257862959842,0.2242767828760331,0.9454253611556982
1253,0.43362313384811085,0.8460837495594165,1.6547659834225972,0.569619908516663,0.21627119991309826,0.9319319664725959,0.22547265725910284,0.9490445859872612
1254,0.43280937274297077,0.8466081514403858,1.6810551285743713,0.5651818775865824,0.21900752440261148,0.9327179123025031,0.5589986044958414,0.8433734939759037
1255,0.43297863006591797,0.845971991781505,1.7057301551103592,0.5617331009946998,0.19794494461666848,0.9395614652671104,0.1802573669396463,0.9590163934426229
1256,0.43253696088989574,0.8462642813545043,1.6739659756422043,0.5675869454730269,0.20794585118602799,0.9398253247572202,0.24873848230079496,0.91701244813278
1257,0.43214977780977887,0.8466167481925329,1.7095499634742737,0.5606803165613882,0.2564600817089079,0.9260418382474057,,
1258,0.4326455059150855,0.846204104089475,1.6753008514642715,0.5681587163290496,0.19897280173831977,0.9388767612621551,0.2609528327446838,0.9243697478991597
1259,0.4325493387877941,0.8464963936624743,1.6655330409606297,0.5712444638059972,0.258962230128838,0.9189037218709317,0.1899804548931218,0.9395161290322581
1260,0.4320458893974622,0.8466683287054151,1.6080506443977356,0.5833787119727002,0.1982085394454795,0.9429159452908588,0.24985443157194104,0.9318413021363174
1261,0.4323106147348881,0.8469348280219733,1.5707025825977325,0.5903942496188195,0.23990359034770173,0.9271270507439908,0.24307583852784137,0.9219653179190751
1262,0.4319274288912614,0.8465909579360917,1.5592825164397557,0.592944529151238,0.23823605421031313,0.933826117564238,0.21419787204204485,0.9400630914826499
1263,0.43147174020608264,0.8468918442612381,1.5738061666488647,0.5907028243665142,0.21258976100331123,0.9361556349938498,0.23476266525579653,0.9430199430199431
1264,0.4321898855268955,0.846427619645298,1.5183897068103154,0.602592027880636,0.27644890663444205,0.915019011406844,0.2595438604565927,0.9326683291770573
1265,0.4324219686289628,0.8469950052870026,1.4682036191225052,0.6122486023379075,0.2354284707645099,0.9334819769602378,0.21615904120953527,0.9373626373626374
1266,0.4321206447978814,0.8471841338342374,1.45140444735686,0.6167683148188484,0.21072566028619624,0.9372117772259666,0.12512822821736336,0.9581081081081081
1267,0.4322614272435506,0.8472013273385315,1.4638481338818867,0.614798881870326,0.20060821412178065,0.9376384931940488,0.2014871339379537,0.952020202020202
1268,0.4326934590935707,0.8465909579360917,1.4438885748386383,0.6196725477383286,0.2252664815830729,0.9308898614150255,0.19576977906498283,0.9423929098966026
1269,0.4324654961625735,0.8469176345176792,1.4588190962870915,0.6183202642851957,0.21886254730862872,0.9343146565368787,0.1895972622765435,0.9455782312925171
1270,0.4315420165657997,0.8470207955434437,1.4300687561432521,0.6241196543962826,0.22073935019575108,0.9284922394678492,0.24188881947189708,0.9399075500770416
1271,0.430940559754769,0.8470379890477377,1.4609310030937195,0.6179844623538808,0.21197584219032764,0.9344235751295337,,
1272,0.43141470352808636,0.8470465857998848,1.4223117629686992,0.6256625281347564,0.2756307236451671,0.9221399176954732,0.14886036203902606,0.9630390143737166
1273,0.43174978097279865,0.8467113124661503,1.3840861866871517,0.6343570754374501,0.21713474867905952,0.9408710520462633,0.27930730852058955,0.9188571428571428
1274,0.43171574423710507,0.8468316669962088,1.3869608342647552,0.6346474987293981,0.22096284014080558,0.9294871794871795,0.2111260070584037,0.9454545454545454
1275,0.43131565923492116,0.8471411500735022,1.3678622245788574,0.6391944383939592,0.17823402632198637,0.9463571865374162,0.19302693610282048,0.9554347826086956
1276,0.43113910282651585,0.8468488605005029,1.3777389774719875,0.637424671458651,0.24934231573446342,0.9243280260229413,0.2915175511286809,0.9230769230769231
1277,0.431265772630771,0.8471927305863844,1.3842291831970215,0.6368619763305017,0.2707896859107111,0.9201003224650662,0.1321665667463094,0.965625
1278,0.4314514833192031,0.8472357143471196,1.33028340836366,0.6479615915196398,0.20728806362260835,0.9321865160214855,0.17993440893852314,0.952054794520548
1279,0.4311322880287965,0.8472099240906785,1.319853772719701,0.6515737312132434,0.21403602810089478,0.935312442734103,0.20910241884719255,0.9397590361445783
1280,0.430681003878514,0.8474936169115308,1.3061650296052296,0.6546594786901909,0.2041533878132071,0.9377032346397398,0.17898387366929217,0.9443447037701975
1281,0.43069204439719516,0.8473388753728841,1.3375332206487656,0.6485061351920424,0.20824165615690957,0.9343041535661095,0.17181374906274058,0.9514066496163683
1282,0.4305439169208209,0.847536600672266,1.3126812328894932,0.6540877078341683,0.21521488171859438,0.9348242031259616,0.19969281634580613,0.9400522132169576
1283,0.43057064215342206,0.8475194071679719,1.310016502936681,0.6542964495752559,0.2318753176018777,0.9307515589104037,0.22828480039662558,0.9270683668582376
1284,0.4302484840154648,0.847528003920119,1.3219937086105347,0.6526809700137951,0.26621298995436965,0.9197092084006462,0.06282546796969005,0.9732142857142857
1285,0.42998333523670834,0.8476483584501775,1.3565863172213237,0.645474842082335,0.22432709943702564,0.9289466594827587,,
1286,0.42961300909519196,0.8478460837495594,1.356890191634496,0.6453659333478545,0.2181955318908586,0.9325959211890771,0.2249893272172905,0.9341317365269461
1287,0.43014702821771306,0.8476053746894423,1.353937601049741,0.6460647643941044,0.25494645813105965,0.9294839039345938,0.24618758079367092,0.9429477020602218
1288,0.42916542043288547,0.8476827454587657,1.3514964431524277,0.6464822478762797,0.19860566495980383,0.9337102749073893,0.2228996850387813,0.927360774818402
1289,0.4289300814270973,0.8475881811851482,1.347489948074023,0.6478708342409061,0.18939032637749312,0.9420460272131699,0.16521397128648369,0.9456264775413712
1290,0.42894179622332257,0.8476225681937364,1.3512829691171646,0.6467272925288609,0.2096654288892936,0.9263769201948295,0.2667182212805047,0.9264705882352942
1291,0.4291466524203618,0.847751519475942,1.3002410779396694,0.6570191679372686,0.20135434670708552,0.9381384790011351,0.19206008988668574,0.9562043795620438
1292,0.4293963511784871,0.847545197424413,1.264260580142339,0.6639257968489073,0.23216786109838208,0.9290706843815714,0.22183053396794994,0.9360675512665863
1293,0.4291021339595318,0.8478202934931183,1.2559409936269124,0.6658498511580628,0.23194004665350412,0.926509186351706,0.15626407345367033,0.9465116279069767
1294,0.42872848858435947,0.8480094220403531,1.274369900425275,0.6620471211791186,0.19495509327236543,0.9386401847118251,0.2007561411176409,0.9336734693877551
1295,0.42861739297707874,0.8478890675102946,1.284956619143486,0.6606585348144921,0.46058542616137294,0.9057379756871036,0.1679785514281968,0.9449152542372882
1296,0.42863141124447185,0.8479234545188827,1.2858348737160366,0.6606040804472518,0.22109009595857776,0.9326694776486,0.27211418902719176,0.9285714285714286
1297,0.42866142466664314,0.8478116967409712,1.3144957770903904,0.6549589777100123,0.20888337579907015,0.9334402566158782,,
1298,0.429057814180851,0.8476397616980305,1.2655813197294872,0.6652327016626733,0.18408182108090546,0.9404452690166976,0.20099915772720167,0.9516129032258065
1299,0.4287656433880329,0.8475795844330012,1.255775401989619,0.6681823132215203,0.18423336890084346,0.9445544554455445,0.20473162013652496,0.9415204678362573
1300,0.42860141893227893,0.8477257292195008,1.2237250407536824,0.6753339867857402,0.22045619348755088,0.9346585317850816,0.18222233454562842,0.9484902309058615
1301,0.42839882026116055,0.8475022136636778,1.253914882739385,0.669162491831845,0.21622464228907343,0.9336734693877551,,
1302,0.42857059091329575,0.8479664382796179,1.2911033630371094,0.6617476221592972,0.17793413746429174,0.9487681514113232,,
1303,0.4282754013935725,0.8480438090489413,1.3381030211846034,0.6518460030494445,0.2124142673062902,0.936729136633029,,
1304,0.4280896708369255,0.847975035031765,1.3633425285418828,0.646346111958179,0.24139905693598063,0.9313075804105382,,
1305,0.4283041109641393,0.8479320512710298,1.4015436669190724,0.6389856966528715,0.2235155731079181,0.9306762050757963,,
1306,0.4279392622411251,0.8481813570832939,1.4392564296722412,0.6315254483409569,0.2093901742999526,0.9291694574681849,,
1307,0.42769647638003033,0.8483017116133524,1.4518730888764064,0.6280675960212009,0.2012725634602761,0.9386382280557835,,
1308,0.4279559589922428,0.8477257292195008,1.4774567931890488,0.6224497204675815,0.23814105883979972,0.9259787605008718,,
1309,0.4278848146398862,0.847992228536059,1.4998835921287537,0.6183202642851957,0.20953685596273675,0.93337553678118,,
1310,0.42789576947689056,0.8481125830661176,1.512191618482272,0.6151165323458941,0.23771136867716086,0.9252110021350415,,
1311,0.42747600252429646,0.8480953895618235,1.5403213451306026,0.6096438684382487,0.21235353932138562,0.9333283011272142,,
1312,0.427590049803257,0.8478030999888242,1.5419634232918422,0.6095712626152617,0.21852651378612772,0.9401155664507092,,
1313,0.4272346943616867,0.8483103083654995,1.5661074668169022,0.6052875190590286,0.19374633573529684,0.939363395941278,,
1314,0.42716969425479573,0.8484908401605873,1.5743662814299266,0.6030095113628113,0.2280454899561856,0.933344845449836,,
1315,0.42697176585594815,0.8484736466562932,1.5949088434378307,0.5985714804327307,0.22878424990343793,0.9373691556175855,,
1316,0.4270068978269895,0.8487229524685573,1.621082916855812,0.5942605096928774,0.21038171234261382,0.9335814885180902,,
1317,0.42677908514936763,0.8489292745200863,1.6316394011179607,0.5915377913308647,0.20585699158890447,0.9364940517844647,,
1318,0.4272154892484347,0.8489980485372626,1.6487223853667576,0.5873720322369854,0.2673123352057555,0.921160409556314,,
1319,0.4280183364947637,0.8484994369127343,1.6434265673160553,0.5874537137878458,0.26207985495881153,0.9252296211251435,,
1320,0.4274909334878127,0.8487487427249985,1.667268728216489,0.5825165178247296,0.20058183550624042,0.9402749655920808,,
1321,0.4278320372104645,0.8487573394771455,1.7177145431439083,0.5723880055180426,0.22815154212683872,0.9277794887588543,,
1322,0.4275537170469761,0.8486627752035281,1.7481744041045506,0.567105931895738,0.24806851713808714,0.9237185251798561,,
1323,0.426857137431701,0.8489808550329685,1.7611212134361267,0.5631670659986932,0.22742200822475747,0.9313517011834319,,
1324,0.4271143153309822,0.848430662895558,1.7757501155138016,0.5607075437450083,0.22184735299014044,0.9345088977194195,,
1325,0.42618034904201824,0.8487917264857336,1.794238120317459,0.5578305380091483,0.22529299994594768,0.9335497549815899,,
1326,0.42574869468808174,0.8485166304170284,1.8222141514221828,0.551922239163581,0.22091735242712643,0.9322357019064125,,
1327,0.42636074995001155,0.8484478563998521,1.8224146515130997,0.5521128294489218,0.23519265984286927,0.9235539845758355,,
1328,0.42701559389630955,0.8485338239213225,1.8554371645053227,0.545905031583533,0.2346509715646973,0.9275260095221302,,
1329,0.4269604856769244,0.8482931148612054,1.8764780809481938,0.5420478472373484,0.21185673211929637,0.9371352172410126,,
1330,0.42648130531112355,0.8486283881949399,1.8905882587035496,0.5390982356785015,0.21766458114129908,0.9348079161816065,,
1331,0.4261563718318939,0.8489378712722333,1.9026284416516621,0.5369563639003848,0.22647974310437907,0.9348592303736716,,
1332,0.42600874975323677,0.8492215640930856,1.9199589689572651,0.5334168300297684,0.22929624181325228,0.9282332672060577,,
1333,0.42577923834323883,0.8494880634096439,1.9384444455305736,0.529804690336165,0.21512819039350828,0.9365789037920186,,
1334,0.42648262282212573,0.8495482406746732,1.9436992804209392,0.52801677194511,0.18835182224038277,0.94466749810374,,
1335,0.42652611434459686,0.8493419186231441,1.9693146646022797,0.5233790750018151,0.23114276235502026,0.9313423145593248,,
1336,0.4268680525322755,0.8492473543495267,1.9591207404931386,0.5250853118420097,0.25735219200342735,0.9220078482668411,,
1337,0.42571769406398136,0.8493849023838794,1.9854863733053207,0.5208015682857765,0.21490324794492602,0.9278284525524084,,
1338,0.42554808656374615,0.8492301608452326,2.0076857656240463,0.5166358091918972,0.22479148926468373,0.9317144719687093,,
1339,0.4251328607400258,0.8491441933237622,2.02524596452713,0.513804182095404,0.23830596678082008,0.9237402824139143,,
1340,0.42514292523264885,0.848877694007204,2.0496648997068405,0.5097201045523851,0.22435200692433888,0.9242133291701359,,
1341,0.42486007263263065,0.8490754193065859,2.0685232877731323,0.5059899803964278,0.2042144281988653,0.9372768995410505,,
1342,0.4256931133568287,0.8477773097323831,2.090545266866684,0.49932839613737023,0.25758742358513637,0.9283305786810316,,
1343,0.42582373321056366,0.8476999389630597,2.094257523616155,0.49857511072388006,0.23770584779738463,0.9268166888101564,,
1344,0.4261776419977347,0.8481727603311469,2.090970387061437,0.49938285050461045,0.23300584705796018,0.9333137485311398,,
1345,0.42573555931448936,0.8484994369127343,2.112858315308889,0.49600667973571483,0.18191723766009166,0.944698897370653,,
1346,0.42576223487655324,0.8483103083654995,2.1389422516028085,0.49243991868147824,0.19446891051061752,0.9366920782234007,,
1347,0.4261406597991784,0.8479234545188827,2.1279274225234985,0.4941552312495462,0.21238683938992448,0.9328817574565037,,
1348,0.425967201590538,0.8481641635789998,2.1251563131809235,0.49431859435126696,0.19357223137758583,0.9450531047420602,,
1349,0.42616499960422516,0.8483532921262347,2.1316559612751007,0.49332026428519565,0.22490669488738677,0.9324204053799849,,
1350,0.426135612030824,0.8485166304170284,2.142907311518987,0.49140528570391345,0.2197397379389472,0.9376139662101816,,
1351,0.42575374369819957,0.8485768076820577,2.1584084232648215,0.48900929354534234,0.2048969483544557,0.9343342941383559,,
1352,0.42597579831878346,0.8486111946906458,2.198115994532903,0.48173055979089524,0.1984342538512533,0.9364423813169984,,
1353,0.4252845284839471,0.849084016058733,2.212970187266668,0.4783090103826327,0.21021748230441012,0.93342287723449,,
1354,0.42498813197016716,0.8492215640930856,2.224715252717336,0.4761036085094025,0.23605731552795073,0.9241014120667522,,
1355,0.4248119505743186,0.8492387575973797,2.231588065624237,0.4742430842953605,0.2408115908763454,0.9311432626967096,,
1356,0.42545614888270694,0.8489378712722333,2.243133455514908,0.47140238147099395,0.2321994976519466,0.9218463589401766,,
1357,0.42578016966581345,0.8492903381102619,2.260451485713323,0.4696326145356858,0.2632532383840783,0.9203524533517623,,
1358,0.42505675181746483,0.8492903381102619,2.276294161876043,0.4667828359834459,0.22974871414493503,0.9312620734063104,,
1359,0.42531583085656166,0.8490582258022918,2.3037098050117493,0.46289842445364116,0.22405471344183053,0.9341783676747534,,
1360,0.4254344291985035,0.8491355965716152,2.3150118390719094,0.4622540477746315,0.24165419724992254,0.9265082891813365,,
1361,0.4249744142095248,0.8494364828967617,2.299221088488897,0.4633703623030567,0.29604508515058375,0.9075163948209181,,
1362,0.4250647562245528,0.8494192893924676,2.341858386993408,0.4570536557031874,0.1882722231065856,0.9428891377379619,,
1363,0.425048782179753,0.8493505153752912,2.3628503878911338,0.45333260727510344,0.20557156112301966,0.938615301724138,,
1364,0.4247380346059799,0.8497115789654669,2.3601929446061454,0.45351412183257095,0.22307210132373909,0.9283231253103791,,
1365,0.42491676782568294,0.849513853666085,2.3724527955055237,0.4516808248021491,0.20182572967767784,0.9349195241427571,,
1366,0.42523297294974327,0.8492903381102619,2.3764538069566092,0.4501379510636753,0.3018171908518713,0.9157009049055406,,
1367,0.4250453735391299,0.8493677088795853,2.397309343020121,0.44665287156029915,0.2526365009268404,0.9242887733251759,,
1368,0.42487754796942073,0.8492387575973797,2.4128561913967133,0.4434037609816307,0.2073648515635588,0.9352353520644167,,
1369,0.42469415192802745,0.849084016058733,2.4443067014217377,0.4385119436578814,0.1845136455043188,0.9429076873592795,,
1370,0.4241084046661854,0.8493677088795853,2.453244278828303,0.4375317650475568,0.2252593587939921,0.9308562197092084,,
1371,0.4242842954893907,0.8492473543495267,2.4685720205307007,0.435916285486096,0.2164042708125172,0.9281463098689862,,
1372,0.4243005613485972,0.849316128366703,2.48604217171669,0.4339922311769404,0.20244911029172485,0.9375232376561569,,
1373,0.42411697035034496,0.8493934991360265,2.5047773520151773,0.43039824293908374,0.18707147551357803,0.9421711193777477,,
1374,0.4249747556944688,0.8485252271691754,2.53452738126119,0.4261235751107239,0.21869286019533196,0.9296174536760311,,
1375,0.4236617796123028,0.8493849023838794,2.533068666855494,0.425569955710448,0.26672406421918216,0.9195726751931789,,
1376,0.4238808403412501,0.8487659362292925,2.5478579501310983,0.42358237130617876,0.24360857927939797,0.9283479349186483,,
1377,0.4239184098939101,0.8487573394771455,2.5856100022792816,0.41921694619908517,0.19804025331039873,0.9354737173434057,,
1378,0.4239651697377364,0.8486627752035281,2.609949807325999,0.4166485152109199,0.18748675269270304,0.9353393085787451,,
1379,0.42454000438253087,0.8483103083654995,2.631169726451238,0.41290023959921585,0.22366282483664723,0.9318447496613524,,
1380,0.42418743049105007,0.8489980485372626,2.6288768649101257,0.4124101502940536,0.19836759855199715,0.9363534854043707,,
1381,0.4240159032245477,0.8491785803323504,2.62830051779747,0.41203804545124517,0.2462101410138558,0.9270414993306559,,
1382,0.42395681018630665,0.8495998211875554,2.6543430189291635,0.4103136571553039,0.19174422621587364,0.9373783831593844,,
1383,0.4236226715147495,0.8496685952047317,2.691702793041865,0.405603354389022,0.17249887735034705,0.9465103342563291,,
1384,0.42360109463334084,0.8497803529826432,2.697864999373754,0.4045324184999637,0.21622249311642408,0.9374077354591084,,
1385,0.4233446692426999,0.8498061432390843,2.7096615632375083,0.4034251796994119,0.2133943476303972,0.9348772147963942,,
1386,0.4230465392271678,0.8499093042648488,2.7278600533803306,0.3998674943730487,0.20241147662803471,0.934144222415291,,
1387,0.42311277861396474,0.8498491269998195,2.7534326116243997,0.3962916575909388,0.18642637432067355,0.9426934097421203,,
1388,0.4232734143733978,0.8497029822133199,2.7518709699312844,0.3959921585711174,0.21099567223169857,0.9326807228915662,,
1389,0.4235372506082058,0.8496599984525847,2.7485508720080056,0.39501197996079285,0.25440277672664097,0.9231636597938144,,
1390,0.4232049236694972,0.8498233367433784,2.7569341361522675,0.3939501197996079,0.20726133954173423,0.9336432120532137,,
1391,0.42287158221006393,0.8501929970857011,2.749625931183497,0.39478508676395846,0.19893022267438093,0.9402961562696912,,
1392,0.4228819285829862,0.8499264977691429,2.7743903199831643,0.39176286938212446,0.2141878319594954,0.9345188632208742,,
1393,0.4223208303252856,0.849952288025584,2.7876131931940713,0.39041966165686487,0.19330506164227776,0.9408047888260725,,
1394,0.4225688613951206,0.8498749172562606,2.784357041120529,0.3902199956436506,0.209136315419352,0.9419334083963327,,
1395,0.4228128679096699,0.8495396439225261,2.811759422222773,0.38602700936615114,0.19878041079513983,0.9337575193719413,,
1396,0.42225994542241096,0.8495826276832613,2.8473607202370963,0.3819883104624991,0.1675555744815007,0.9472679965307892,,
1397,0.4225856177508831,0.8491871770844974,2.8381733000278473,0.3815799027081972,0.23982630170503724,0.9278200487669295,,
1398,0.42288339634736377,0.8494192893924676,2.8300632437070212,0.3818067959050316,0.2392501411720268,0.9234104046242775,,
1399,0.42251557980974513,0.849728772469761,2.844694972038269,0.37946525811370074,0.20428110171934083,0.9380550193050192,,
1400,0.4222591246167819,0.8498577237519666,2.8324705759684243,0.38145284251796996,0.23740313872413477,0.9276413383880007,,
1401,0.42227484410007793,0.8499264977691429,2.862031638622284,0.3774322950700646,0.20835645527392108,0.9333217270194986,,
1402,0.4223153268297513,0.8499350945212899,2.8665100932121277,0.37706019022725623,0.19084968954021467,0.9367858805533387,,
1403,0.4231964598099391,0.8496857887090258,2.8506279786427817,0.3787845785231976,0.22762479061788823,0.9348745844666062,,
1404,0.42303507775068283,0.8497631594783491,2.846469352642695,0.37893886589704495,0.25387898541802334,0.9216963151207116,,
1405,0.42260890702406567,0.8499350945212899,2.845782458782196,0.3789025629855514,0.2313962798426715,0.9326907884341918,,
1406,0.42266998688379925,0.8495310471703791,2.8432893057664237,0.37915668336600594,0.22281964481574454,0.9331155433287482,,
1407,0.42199860761562985,0.8497545627262021,2.8397967517375946,0.3802094677993175,0.2399075327445436,0.9284406723248461,,
1408,0.42199063301086426,0.8499179010169958,2.8340993324915567,0.3805452697306324,0.20515122328936908,0.9323546344271733,,
1409,0.4222571241358916,0.8496256114439965,2.8375240564346313,0.37897516880853843,0.24843131208328956,0.9277217852070361,,
1410,0.42203260585665703,0.8497029822133199,2.8515098094940186,0.3769240543091556,0.21818338908114898,0.9309609708101017,,
1411,0.4219631540278594,0.8495396439225261,2.8897079527378082,0.3712698758440427,0.18619860850569053,0.9441798418972333,,
1412,0.4220091911653678,0.8499436912734369,2.898870458205541,0.3698177593843026,0.21397267246831964,0.9338223817699391,,
1413,0.4217069198687871,0.8500554490513484,2.901805837949117,0.3700083496696435,0.22861587907381847,0.9344209336133097,,
1414,0.4212658417721589,0.8498749172562606,2.919991364081701,0.36769403906193276,0.18989767596289261,0.9391592920353983,,
1415,0.4217638683815797,0.8500038685384662,2.9263469874858856,0.3671313439337835,0.20014119908792471,0.9420474446744149,,
1416,0.4213194400072098,0.8501414165728188,2.935736427704493,0.3648351847818195,0.22126260624514293,0.9316004901960784,,
1417,0.42190756897131604,0.8494106926403205,2.9198266367117562,0.3665686488056342,0.22510593502905019,0.9313630490956072,,
1418,0.4220391996204853,0.8493591121274383,2.911649227142334,0.36547048573295576,0.2770150630144739,0.9207810907237512,,
1419,0.4213598867257436,0.8500812393077896,2.9311290880044303,0.36325600813185216,0.21673815915557085,0.9337171052631579,,
1420,0.4211420342326164,0.8497717562304962,2.944677164157232,0.36296558483990415,0.20272804965251792,0.9452026803203135,,
1421,0.42108392094572383,0.849745965974055,2.9524990220864615,0.36174943730487186,0.2336267138020672,0.9300187297803507,,
1422,0.421037236849467,0.8499179010169958,2.956559956073761,0.3618129673999855,0.22688068848240692,0.9245901639344263,,
1423,0.420966708411773,0.8502359808464363,2.971388806899389,0.3597890800842228,0.20382983797309095,0.9348931841302136,,
1424,0.42062338814139366,0.8500812393077896,2.97830202182134,0.3593988237856676,0.20644701261639217,0.9332111925383078,,
1425,0.4209519798556964,0.8504337061458181,2.996774733066559,0.3581554490670152,0.22020650266270508,0.9427298234032019,,
1426,0.42124634484450024,0.849952288025584,2.987607071797053,0.35927176359544033,0.3448768682508018,0.9198425196850394,,
1427,0.420794195185105,0.850175803581407,2.9932188193003335,0.35849125099833007,0.2392938807949031,0.9287439948263119,,
1428,0.4206332750618458,0.8503133516157596,3.0110619167486825,0.35637660640383356,0.20856257195500905,0.9350040420371868,,
1429,0.420544325063626,0.8500812393077896,3.0327201386292777,0.3539080084222755,0.215801941819615,0.9344608879492601,,
1430,0.420534157504638,0.8500468522992014,3.053536146879196,0.35092209395193497,0.21944778714129784,0.9292007551919447,,
1431,0.42112107450763386,0.8499350945212899,3.047298163175583,0.35300043563493794,0.24808895542045534,0.9257445371240601,,
1432,0.4212539854149024,0.8500812393077896,3.0516905387242637,0.3512760473389966,0.23923544084365922,0.9292474786656323,,
1433,0.4208626486361027,0.8503391418722007,3.067643483479818,0.3501234298990779,0.20724265414838053,0.9368396405118706,,
1434,0.4206471008559068,0.8502187873421422,3.0753449400266013,0.3490161910985261,0.23774524776402461,0.9247328351025081,,
1435,0.4204544524351756,0.8501414165728188,3.0836364726225534,0.3450591737457344,0.27501599394239207,0.9188079671582788,,
1436,0.42050182819366455,0.8500038685384662,3.087902625401815,0.34461446307993904,0.2072867571513002,0.9354187689202825,,
1437,0.42032524819175404,0.8502187873421422,3.1007520457108817,0.3431351194365788,0.2203421577564591,0.9344591205484033,,
1438,0.4200665007034938,0.8499866750341721,3.1160923341910043,0.3408571117403616,0.23872090287869344,0.9273345817727842,,
1439,0.4202452910443147,0.8496428049482906,3.1060673197110495,0.3415559427866115,0.23510516378398502,0.927310776321804,,
1440,0.4198944767316182,0.8500554490513484,3.130950649579366,0.33990416031365717,0.19182917980241754,0.9400687735385623,,
1441,0.41952502106626827,0.8500468522992014,3.1462180614471436,0.33807993901110867,0.1745725809395139,0.9468958766092219,,
1442,0.4195045071343581,0.8500296587949073,3.175808588663737,0.33406846729107675,0.22486434530140037,0.9263140104782829,,
1443,0.41957971826195717,0.8502187873421422,3.1772459348042807,0.3338688012778625,0.22529194583538853,0.9321898044244951,,
1444,0.41993999977906543,0.8500898360599366,3.1897858381271362,0.33189029260146663,0.22919428407597173,0.9304248292242462,,
1445,0.41999250402053195,0.8503735288807889,3.206823388735453,0.3302838887678792,0.208357381911563,0.9366596468491819,,
1446,0.41994287570317584,0.850390722385083,3.2359235187371573,0.3280966383503957,0.20717473107281595,0.9384613369656328,,
1447,0.41987019404768944,0.8504938834108474,3.2423281768957772,0.3270347781892108,0.23382143582659792,0.9275190516511431,,
1448,0.4193542500336965,0.8507002054623763,3.2586032152175903,0.32538299571625645,0.20729327377091308,0.9344474091414061,,
1449,0.41945627828439075,0.8506916087102293,3.2804223398367562,0.3240216365352501,0.1717339012444806,0.9446176561012377,,
1450,0.419799018651247,0.8504508996501122,3.29393462340037,0.32187976475713354,0.2095724070650299,0.9356183270529126,,
1451,0.4199787378311157,0.8508291567445819,3.297406256198883,0.3217799317505264,0.21920047880322405,0.9347133757961783,,
1452,0.4197140298783779,0.850837753496729,3.3236766258875527,0.31965621142815653,0.17347184918400702,0.9478337013040607,,
1453,0.4194696359336376,0.8507689794795527,3.3178703685601554,0.31954730269367604,0.19364280056731334,0.9396826256499133,,
1454,0.4201141881446044,0.8503649321286418,3.327307343482971,0.3181133376896827,0.2358215269704464,0.9300211073226173,,
1455,0.4202343287567298,0.8506830119580823,3.3574367662270865,0.31625281347564077,0.1879039729567705,0.9386019177234767,,
1456,0.4205914984146754,0.850614237940906,3.3882954319318137,0.3133485805561606,0.2103676620505135,0.9357328384557503,,
1457,0.41961043948928517,0.8508033664881408,3.3727577129999795,0.31465548536992666,0.20008113104159603,0.9388946484992102,,
1458,0.41968129202723503,0.8502531743507303,3.361711452404658,0.31665214550206927,0.20262274920084794,0.937510224112547,,
1459,0.41959583138426143,0.8505970444366119,3.3797892928123474,0.3143469106222319,0.2034793814240639,0.9348089227044787,,
1460,0.419873492171367,0.8506658184537882,3.3698306580384574,0.3164252523052349,0.2410381106821121,0.9256444729090607,,
1461,0.4199453790982564,0.8507775762316997,3.391030033429464,0.3138023669498294,0.20824941477070893,0.9415501905972046,,
1462,0.41977492968241376,0.8504766899065533,3.38335981965065,0.312994627169099,0.25295242305212423,0.9277760593875657,,
1463,0.41934111590186757,0.8504251093936711,3.3807484209537506,0.3133848834676541,0.21332560459033925,0.9339226313374627,,
1464,0.41942185536026955,0.8504423028979652,3.4079887668291726,0.3112339359616641,0.17458154991203986,0.9458732560094133,,
1465,0.41948919619123143,0.8503305451200537,3.4299063781897225,0.3078668409206418,0.20074330558711653,0.9391376210532348,,
1466,0.4188493030766646,0.8505368671715826,3.4433340231577554,0.30586110506062586,0.23752044177681408,0.931292842340188,,
1467,0.41902200256784755,0.8507088022145234,3.451037804285685,0.30538009148333695,0.18579507018761962,0.942761843607306,,
1468,0.4189286343753338,0.8504852866587004,3.4415932397047677,0.30568866623103175,0.2539255991664871,0.9256383712905452,,
1469,0.41906492536266643,0.8505110769151415,3.455515891313553,0.3055162274014376,0.21836519421731887,0.9361904420206659,,
1470,0.4191550575196743,0.8504508996501122,3.4739345610141754,0.3044906701517462,0.19421274031928848,0.934522083195227,,
1471,0.4189533119400342,0.850854947001023,3.4608409702777863,0.30521672838161623,0.2180233957390471,0.9296097430800943,,
1472,0.4193788568178813,0.8508635437531701,3.4634784857432046,0.3034923400856749,0.23107058793589536,0.931748128577719,,
1473,0.41909925763805705,0.8508033664881408,3.462081164121628,0.3031383866986132,0.2128612728589934,0.9325850878986099,,
1474,0.41890720402201015,0.8511386398218753,3.507180094718933,0.29782001016481524,0.20264760292477943,0.9333436436746056,,
1475,0.4182518074909846,0.851069865804699,3.5084457198778787,0.29717563348580556,0.2297782893618246,0.9245376486129459,,
1476,0.4181223002572854,0.8512074138390516,3.512140780687332,0.29688521019385755,0.1931338179706344,0.9400466702566864,,
1477,0.4179636513193448,0.850846350248876,3.5143871506055198,0.2952425034487766,0.21701866519818155,0.9324692333277897,,
1478,0.4179919833938281,0.8512332040954927,3.527774304151535,0.29458905104189353,0.18662066249793213,0.9398508977206622,,
1479,0.41777904083331424,0.8509753015310816,3.544938991467158,0.292592390909751,0.18918772332750206,0.9412423951328851,,
1480,0.4178650627533595,0.8511300430697283,3.5488815307617188,0.29285558701807884,0.1913324897236026,0.9407607763171787,,
1481,0.4181748690704505,0.851061269052552,3.548176238934199,0.2922384375226893,0.18366358112345316,0.9485489540466391,,
1482,0.41822484011451405,0.8510440755482579,3.5682445963223777,0.28990597545923186,0.19832936759203354,0.9369110365756269,,
1483,0.4181116136411826,0.8512074138390516,3.5465105374654136,0.293318449139621,0.2122836977267752,0.9328979591836735,,
1484,0.41847635929783183,0.8509495112746405,3.5344384610652924,0.29378131126116314,0.2097035576036836,0.9343011409942951,,
1485,0.4185449331998825,0.8507775762316997,3.5548450450102487,0.29119472881725117,0.21143255172979397,0.9343326195574589,,
1486,0.4190615440408389,0.8503821256329359,3.56696609656016,0.29011471720031945,0.2522879734523734,0.9232602661851257,,
1487,0.41898590823014575,0.8501242230685248,3.606153746445974,0.2867748493429173,0.18583237573424158,0.940225627209968,,
1488,0.4191780996819337,0.8496514017004376,3.6295027434825897,0.2826998475277717,0.20522086208105403,0.9393704450302373,,
1489,0.41908450548847515,0.8496857887090258,3.6177979509035745,0.2807757932186161,0.24037234882215586,0.9315828957239309,,
1490,0.41884321595231694,0.850175803581407,3.615498423576355,0.28113882233355114,0.22004887516821833,0.9353846153846154,,
1491,0.4186904753247897,0.8504852866587004,3.6115067899227142,0.28231866695708996,0.2368695932424759,0.9282087193289935,,
1492,0.4186450367172559,0.8503821256329359,3.609865754842758,0.2812749582516518,0.24573143552391435,0.9252808074230832,,
1493,0.41794176151355106,0.8504594964022593,3.6303623815377555,0.2796141000508241,0.20791306634173592,0.9318262726949093,,
1494,0.41804690659046173,0.8506572217016412,3.6427597602208457,0.2779804690336165,0.20255069987407384,0.9396342450234666,,
1495,0.41800076762835187,0.850622834693053,3.6524581909179688,0.27625608073767516,0.2209937959424998,0.9282304526748971,,
1496,0.4177595761915048,0.8507689794795527,3.68398255109787,0.27323386335584116,0.18881816793338538,0.9442367094781337,,
1497,0.4176058657467365,0.8508119632402878,3.6846337219079337,0.2738328613954839,0.21750423772279504,0.9319338422391857,,
1498,0.417691845446825,0.8508635437531701,3.711125463247299,0.27149132360415307,0.18805672929467432,0.9450656850293697,,
1499,0.41768267129858333,0.8506400281973471,3.712027539809545,0.2716637624337472,0.24039765136685706,0.9258592225724148,,
1500,0.4179613987604777,0.8507173989666704,3.716480831305186,0.27165468670587384,0.19437651866796854,0.9350880313000178,,
1501,0.41799497107664746,0.8503649321286418,3.7319549222787223,0.2696307993901111,0.23121560323635035,0.9345672998863452,,
1502,0.41784367337822914,0.8507002054623763,3.765264262755712,0.2658552965947869,0.21916353847630868,0.9362937660119556,,
1503,0.4175768233835697,0.8508033664881408,3.7812132636706033,0.2642307413054527,0.2028618387581019,0.9377456374783839,,
1504,0.41705144569277763,0.8509409145224934,3.8041182657082877,0.2631688811442678,0.1718623696938404,0.9436922940340909,,
1505,0.4171587862074375,0.8509581080267875,3.842161069313685,0.25973825600813183,0.2046397981604006,0.9401926270941652,,
1506,0.41754915689428646,0.8504766899065533,3.836049715677897,0.26063675306759604,0.21127950453721817,0.9393786733837112,,
1507,0.41721435512105626,0.8505884476844648,3.816624790430069,0.2614626443040732,0.2687335372305523,0.9189432602821975,,
1508,0.4174886631468932,0.8506658184537882,3.803752909104029,0.26291476076381326,0.21630400653332282,0.9307432432432432,,
1509,0.4166704900562763,0.8510956560611401,3.8116783499717712,0.26296013940318014,0.2117903326284429,0.9324662331165583,,
1510,0.4171515703201294,0.8512675911040809,3.822737435499827,0.26314165396064765,0.20509317042885392,0.9393517955577172,,
1511,0.4168446275095145,0.8513277683691102,3.862716098626455,0.2587490016699339,0.2052092278620757,0.9356846473029046,,
1512,0.4165511727333069,0.8511730268304635,3.866732875506083,0.2580320191679373,0.2089121507942331,0.9315044858523119,,
1513,0.4164877273142338,0.8512503975997868,3.8456186652183533,0.26010128512306685,0.20385820727686327,0.9320615755595555,,
1514,0.4162498563528061,0.8511730268304635,3.8673382103443146,0.2583224424598853,0.18156812471624093,0.9417734154050906,,
1515,0.4164057485759258,0.8515856709335213,3.8463798562685647,0.26040985987076165,0.23962549368715755,0.9264313725490196,,
1516,0.4165314907828967,0.8514653164034628,3.8454957604408264,0.2602464967690409,0.21190479729134193,0.9333132620803853,,
1517,0.4165794427196185,0.851069865804699,3.8678049643834433,0.2591483336963624,0.18824774038575356,0.9424013380758808,,
1518,0.4169861872990926,0.8508721405053171,3.85921319325765,0.25894866768314817,0.18741653685541818,0.948237885462555,,
1519,0.4174942684670289,0.8504508996501122,3.8830269972483316,0.25616241922602195,0.20737622961133909,0.9350957733101155,,
1520,0.4169264994561672,0.8506830119580823,3.8985637426376343,0.254882741595876,0.21490573825225942,0.9310819327731092,,
1521,0.4165743887424469,0.8507947697359938,3.940095007419586,0.25108908734480506,0.18128788709879817,0.9460007473184455,,
1522,0.41613127787907916,0.8508979307617582,3.950840046008428,0.2502541203804545,0.18719677444175026,0.9444639612786011,,
1523,0.41602620854973793,0.8513535586255513,3.939424435297648,0.2506262252232629,0.2112076431095241,0.932742178350343,,
1524,0.41623783111572266,0.8518005897371973,3.9171789487202964,0.25438357656284033,0.2691198832277704,0.9238535941372993,,
1525,0.41625649109482765,0.8517919929850503,3.942121386528015,0.2526773397226458,0.20097240898831958,0.9378862303913801,,
1526,0.4163407248755296,0.851740412472168,3.9697596430778503,0.25130690481376605,0.21405210293106497,0.9311033784900049,,
1527,0.4164014843602975,0.8515942676856684,3.963710457086563,0.24983663689827923,0.2330038231961718,0.9314003934679768,,
1528,0.4160552645723025,0.8513449618734042,3.9817487001419067,0.24745879619545488,0.19276535657048938,0.941401261174968,,
1529,0.4161405973136425,0.851301978112669,3.9980735182762146,0.24607928555870182,0.23016088207241922,0.9291548591431905,,
1530,0.41611383358637494,0.8514223326427276,4.017356336116791,0.24553474188629928,0.16222400227516773,0.9485970264695772,,
1531,0.4164196116228898,0.8514911066599039,4.00532944003741,0.24627895157191607,0.4044176864716842,0.9158249158249159,,
1532,0.41613639891147614,0.8512761878562279,4.024499585231145,0.24448195745298773,0.2165036985392354,0.9377157201129589,,
1533,0.41635852803786594,0.8511988170869046,4.038178741931915,0.24266681187831263,0.1825399136489008,0.9458267716535433,,
1534,0.41596216584245366,0.8513879456341394,4.032132933537166,0.2425397516880854,0.2377517057788249,0.9277845777233782,,
1535,0.4160415716469288,0.8511214463175812,4.0386461317539215,0.24096965076599144,0.19119659585428106,0.944254835039818,,
1536,0.41629112884402275,0.8509409145224934,4.052490184704463,0.2391363537355696,0.2174576336053644,0.934033475549721,,
1537,0.41695551698406536,0.8505540606758767,4.0825212597846985,0.23707616350831337,0.18275819654613845,0.9399702823179792,,
1538,0.4167090294261773,0.8509409145224934,4.08914178609848,0.23654977129165758,0.22355911997773698,0.933026920551543,,
1539,0.41668570165832836,0.8510182852918168,4.116038183371226,0.2335094024540768,0.17849270193777295,0.9417294135396095,,
1540,0.41677380353212357,0.8509495112746405,4.102276901404063,0.23464386843824875,0.20106962830887723,0.9393370856785491,,
1541,0.41693322608868283,0.8510870593089931,4.068539450565974,0.23714876933130036,0.3809519212005334,0.9086118886876338,,
1542,0.4169803559780121,0.8512160105911987,4.072068482637405,0.23689464895084586,0.2194852616347631,0.9365691256351849,,
1543,0.4164913520216942,0.851069865804699,4.049945066372554,0.23803819066289117,0.20745648574443923,0.9322404371584699,,
1544,0.41641465077797574,0.8514051391384335,4.054526746273041,0.23861903724678718,0.1993004827906319,0.9358510235026535,,
1545,0.41653204585115117,0.851516896916345,4.056645731131236,0.23804726639076454,0.22360539217033795,0.9307415877164326,,
1546,0.4177434581021468,0.8510354787961109,4.04189948240916,0.23925433819792347,0.23512922832961802,0.9280468100221791,,
1547,0.41711093857884407,0.8510096885396697,4.064939389626185,0.2367675887606186,0.22462316126503876,0.9270643870498363,,
1548,0.4170771824816863,0.8510956560611401,4.07602733373642,0.23492521600232338,0.21393616266512952,0.9374712643678161,,
1549,0.41674164434274036,0.8510956560611401,4.056220481793086,0.237284905249401,0.21380725340349338,0.9411276948590381,,
1550,0.4167083775003751,0.8508979307617582,4.073997388283412,0.23615043926522908,0.18730067034564216,0.9416839121828324,,
1551,0.41673758377631503,0.8508979307617582,4.070783307154973,0.23511580628766426,0.26097163342204793,0.9227690483249333,,
1552,0.41672849530975026,0.8512418008476398,4.074427008628845,0.23350032672620344,0.220826610133743,0.9360847920346876,,
1553,0.4167213787635167,0.8512761878562279,4.1039754549662275,0.2310408044725187,0.197237956380869,0.9391410189532255,,
1554,0.4167716826001803,0.8513621553776983,4.08870530128479,0.23241123938139838,0.20265474950558926,0.9382212510105093,,
1555,0.4164348542690277,0.8514825099077569,4.131092766920726,0.23084113845930443,0.19594111668845812,0.9400808717719353,,
1556,0.4164796049396197,0.8511902203347576,4.139036993185679,0.22970667247513252,0.19946297568782592,0.941642279221897,,
1557,0.41636355469624203,0.8516200579421095,4.150892794132233,0.229670369563639,0.24258744897884443,0.9307767305817355,,
1558,0.4164266139268875,0.851516896916345,4.1646819313367205,0.22746496769040878,0.22538525893150602,0.9309973616089207,,
1559,0.4167529245217641,0.8516630417028447,4.184130787849426,0.22775539098235678,0.23924769761547507,0.9298692468619247,,
1560,0.4159705725808938,0.8515684774292273,4.179950435956319,0.2266844550932985,0.2169670354493126,0.9308050565535595,,
1561,0.41561228161056835,0.851963928027991,4.153522094090779,0.23066869962971032,0.1872202307488206,0.9446812245006094,,
1562,0.415465772151947,0.8516286546942565,4.160712242126465,0.22847237348435345,0.20909791486164897,0.9343018563357547,,
1563,0.41579964260260266,0.8513277683691102,4.1818466782569885,0.226865969650766,0.18086209900970263,0.946164199192463,,
1564,0.41580017904440564,0.8515340904206391,4.188044567902883,0.22680243955565235,0.22560607508374259,0.9355258873331163,,
1565,0.41612182433406514,0.8516630417028447,4.17301619052887,0.22554998910912655,0.2547640299107862,0.9253316877506942,,
1566,0.4160323974986871,0.8515856709335213,4.1863141258557635,0.22459703768242212,0.2003948710983662,0.9374967876233553,,
1567,0.4163043138881524,0.8511472365740224,4.218804140885671,0.22112103390691934,0.24962874710197216,0.9249108722385226,,
1568,0.41605744262536365,0.8513191716169631,4.24081963300705,0.21812604370870545,0.18034362620162708,0.9470258806647659,,
1569,0.4161030600468318,0.8513707521298454,4.211474219957988,0.2205129601394032,0.22950690241333402,0.9274914648024711,,
1570,0.4164358973503113,0.8514911066599039,4.22640734910965,0.21962353880781238,0.1784137726903611,0.9420018538576904,,
1571,0.4161901995539665,0.8513965423862865,4.253960947195689,0.21785377187250418,0.20366442327937118,0.9373716632443532,,
1572,0.41622982422510785,0.8518779605065206,4.232433497905731,0.21996841646700066,0.19744232286434352,0.9398165605273449,,
1573,0.4152568181355794,0.8520241052930203,4.247182846069336,0.21930588833224424,0.17156596061096513,0.9459369264141498,,
1574,0.4153065209587415,0.8516630417028447,4.249121387799581,0.2177357874101503,0.22605416243776855,0.9323991376655374,,
1575,0.41543760895729065,0.8518607670022266,4.256807049115499,0.2174362883903289,0.18907821021066157,0.9377121520706042,,
1576,0.41587286318341893,0.8517919929850503,4.252650996049245,0.21772671168227692,0.19548314026155564,0.9390605901868343,,
1577,0.41518208632866543,0.8518005897371973,4.281798640886943,0.21427793509039425,0.19392145618799173,0.9390685916179338,,
1578,0.41496095433831215,0.8518177832414914,4.2856268882751465,0.21417810208378713,0.1927295484360956,0.9394326783701079,,
1579,0.41424771149953205,0.852187443583814,4.3403834501902265,0.2102301604588688,0.19448132656486686,0.9413054477989543,,
1580,0.41466029981772107,0.8522476208488433,4.319854378700256,0.21239925942060553,0.22010408288009162,0.9315286733906525,,
1581,0.41563981274763745,0.8517490092243151,4.271284023920695,0.21494953895302404,0.2532956320601586,0.9350277998411438,,
1582,0.4153079266349475,0.8515512839249332,4.270183106263478,0.21424163217890074,0.2416319116138883,0.9324192221986418,,
1583,0.415006585419178,0.8518263799936384,4.266542951265971,0.21424163217890074,0.2173277209890053,0.9315237890418211,,
1584,0.4154083753625552,0.8512160105911987,4.2546698451042175,0.2155939156320337,0.23289485080842565,0.9276214901494941,,
1585,0.4154845190544923,0.8516888319592858,4.250917514165242,0.2171367893705075,0.23533035685254697,0.9259901705695288,,
1586,0.4149225167930126,0.8516372514464036,4.279116928577423,0.2149223117694039,0.203109583887037,0.933539161520962,,
1587,0.4147339624663194,0.8517662027286091,4.280961751937866,0.2148587816742903,0.20794215978996325,0.9360242501595405,,
1588,0.4147890756527583,0.8512418008476398,4.317810078461965,0.21180933710883612,0.1756743111159407,0.9438013472671548,,
1589,0.4142568123837312,0.8516802352071388,4.29052460193634,0.21350649822115733,0.22590173767641333,0.9349671632228096,,
1590,0.41441090032458305,0.8517060254635799,4.313377916812897,0.21237203223698542,0.18558026127366775,0.938348820586133,,
1591,0.41441065942247707,0.8516114611899624,4.3492079973220825,0.2086782109925216,0.21265867574353922,0.9358932102834542,,
1592,0.41408982997139293,0.8521014760623437,4.334003210067749,0.21009402454076817,0.2140314498960433,0.9371580169126181,,
1593,0.41506675630807877,0.8514395261470217,4.328276256720225,0.20939519349451827,0.23156340929675862,0.928605577689243,,
1594,0.41450609515110654,0.8517919929850503,4.324172655741374,0.20964931387497276,0.2167164709471057,0.9286315435111934,,
1595,0.41389299929142,0.8517833962329032,4.349559525648753,0.20826072751034633,0.21311617144568443,0.9325752722613709,,
1596,0.41398485004901886,0.8520327020451673,4.352729439735413,0.20814274304799246,0.21626297263814925,0.9328602620087336,,
1597,0.4140933007001877,0.8517662027286091,4.3762743671735125,0.2077887896609308,0.16303802648993984,0.9513329200247985,,
1598,0.4141985798875491,0.8518693637543736,4.395721952120463,0.206318521745444,0.19847553641914223,0.9357390014829461,,
1599,0.414044135560592,0.851955331275844,4.382367134094238,0.20851484789080085,0.2233174966535997,0.9288379195785683,,
