round, test_clean_loss   , test_clean_acc, test_backdoor_loss, test_backdoor_acc   , train_clean_loss     , train_clean_acc   , train_backdoor_loss, train_backdoor_acc
 2001, 0.7868755370378494,         0.7312, 4.137295055389404 , 0.03711111111111111 , 0.7571548473187819   , 0.7494820116782822,                    ,  
 2002, 0.8298144280910492,         0.7195, 3.8594370245933534, 0.02822222222222222 , 0.878661971680839    , 0.7061739522307345,                    ,  
 2003, 0.8517917156219482,         0.7125, 3.6156914949417116, 0.035111111111111114, 0.8850947212453879   , 0.7091497699778497,                    ,  
 2004, 0.8613185495138168,         0.7099, 3.5582719683647155, 0.03822222222222222 , 0.48387314356554856  , 0.8491866556382686, 0.5128584465540473 , 0.8154269972451791
 2005, 0.873183649778366 ,         0.708 , 3.379927062988281 , 0.04477777777777778 , 0.8142604873650634   , 0.7292252107587315, 0.4223742233382331 , 0.8722222222222222
 2006, 0.891247695684433 ,         0.7044, 3.435303103923798 , 0.03277777777777778 , 0.7998410581183425   , 0.7404702529390809,                    ,  
 2007, 0.9017248541116715,         0.6992, 3.4128177762031555, 0.03211111111111111 , 0.8579588398882715   , 0.7113064812921693,                    ,  
 2008, 0.9136193543672562,         0.6993, 3.225551176071167 , 0.036               , 0.8576606540908962   , 0.7137559597386545,                    ,  
 2009, 0.9169032335281372,         0.6963, 3.171474587917328 , 0.041666666666666664, 0.6036162882497033   , 0.7977764423076923, 0.4084103080961439 , 0.8805555555555555
 2010, 0.9232529759407043,         0.6985, 3.215126359462738 , 0.03211111111111111 , 0.8329064310757838   , 0.7299284578696343,                    ,  
 2011, 0.9398911416530609,         0.6891, 3.1405930042266847, 0.03722222222222222 , 0.5371668384860467   , 0.8353284671532847, 0.4318380547460094 , 0.8688524590163934
 2012, 0.9371784389019012,         0.6903, 3.2353058457374573, 0.027666666666666666, 0.6899047509763477   , 0.7807826498966229,                    ,  
 2013, 0.9419384956359863,         0.6875, 3.250744807720184 , 0.029               , 0.7174047824867942   , 0.7704750204750205,                    ,  
 2014, 0.9518612354993821,         0.6834, 3.108474040031433 , 0.034               , 0.7950201870270021   , 0.7365145228215768,                    ,  
 2015, 0.9338886380195618,         0.6941, 3.022087776660919 , 0.04855555555555555 , 0.5364809823648888   , 0.8296703296703297, 0.456963923242357  , 0.8666666666666667
 2016, 0.9401038318872452,         0.6906, 2.9685807704925535, 0.05344444444444445 , 0.7687310868578351   , 0.7433451641526175, 0.4949686566988627 , 0.8472222222222222
 2017, 0.9367419272661209,         0.6942, 3.0438128232955934, 0.04733333333333333 , 0.6747653145592584   , 0.7882346182958477,                    ,  
 2018, 0.9353459626436234,         0.6945, 3.0528687715530394, 0.05011111111111111 , 0.6479744203077732   , 0.7883973288814691,                    ,  
 2019, 0.9583585232496261,         0.6879, 2.862937557697296 , 0.07211111111111111 , 0.8085830606102717   , 0.7390788224121557, 0.33310357543217123, 0.8969258589511754
 2020, 0.9569145619869233,         0.6917, 2.9287188053131104, 0.066               , 0.6645215988714502   , 0.7855072463768116,                    ,  
 2021, 0.9754357308149337,         0.6855, 2.941099560260773 , 0.05566666666666667 , 0.8592517568164701   , 0.7193372398464336,                    ,  
 2022, 0.9883045017719269,         0.685 , 2.770784091949463 , 0.07366666666666667 , 0.8756245285388561   , 0.7127107652399481,                    ,  
 2023, 0.9915831506252288,         0.6885, 2.7741206765174864, 0.07144444444444445 , 0.7979331745563362   , 0.7391705884051275,                    ,  
 2024, 0.9861046075820923,         0.6883, 2.6855491995811462, 0.08122222222222222 , 0.6165727912699706   , 0.8080133555926544,                    ,  
 2025, 0.9776439905166626,         0.6923, 2.728326153755188 , 0.07677777777777778 , 0.6049525783322494   , 0.8027750247770069,                    ,  
 2026, 0.9805323749780654,         0.6867, 2.8008173942565917, 0.06111111111111111 , 0.7718931323586513   , 0.7420914769292767, 0.2693418595525954 , 0.9131944444444444
 2027, 0.9679231375455857,         0.6939, 2.7994495272636413, 0.06577777777777778 , 0.6153869837367386   , 0.7956643056449882,                    ,  
 2028, 0.9562927931547165,         0.6971, 2.845208764076233 , 0.06311111111111112 , 0.6166504383087158   , 0.8063888888888889,                    ,  
 2029, 0.947191447019577 ,         0.6984, 2.899208295345306 , 0.06166666666666667 , 0.6496162540424331   , 0.7845350052246604,                    ,  
 2030, 0.9590344607830048,         0.6998, 2.9491269111633303, 0.049444444444444444, 0.7815919522435717   , 0.7328230362675414,                    ,  
 2031, 0.9627958536148071,         0.697 , 2.9899100184440615, 0.04533333333333334 , 0.6763569914957399   , 0.7819914824579193,                    ,  
 2032, 0.9611711651086807,         0.7009, 2.90433132648468  , 0.051444444444444445, 0.743475268657249    , 0.7529980657640232,                    ,  
 2033, 0.9772043019533158,         0.7015, 2.8723297476768495, 0.04888888888888889 , 0.740625295173036    , 0.7536698170118641,                    ,  
 2034, 0.9808130204677582,         0.6905, 2.894111216068268 , 0.04733333333333333 , 0.7304821870887545   , 0.7707279096924874,                    ,  
 2035, 0.9795769184827805,         0.6983, 2.838828480243683 , 0.05344444444444445 , 0.7009084776253239   , 0.7766827427133571, 0.3595005959435239 , 0.8706739526411658
 2036, 1.0022791385650636,         0.6837, 2.655285668373108 , 0.07677777777777778 , 0.8366327759121379   , 0.719625488644825 , 0.2982878305894487 , 0.9125386996904025
 2037, 1.0252962768077851,         0.6781, 2.762526977062225 , 0.04677777777777778 , 0.8629931725520569   , 0.709538567493113 ,                    ,  
 2038, 1.0222842633724212,         0.6787, 2.8072629809379577, 0.03966666666666667 , 0.7648283368725317   , 0.7542710891232125,                    ,  
 2039, 1.0198935002088547,         0.6841, 2.7528236746788024, 0.050222222222222224, 0.6678121175622156   , 0.7806855025474757, 0.3633676912666352 , 0.8842975206611571
 2040, 1.016053593158722 ,         0.6848, 2.823131263256073 , 0.04055555555555555 , 0.5717561551661777   , 0.8199341795956746,                    ,  
 2041, 1.0111980885267258,         0.6846, 2.8080177307128906, 0.04611111111111111 , 0.7777550477628804   , 0.7445309603262885,                    ,  
 2042, 1.003925696015358 ,         0.6829, 2.861688256263733 , 0.03933333333333333 , 0.6111710544805627   , 0.8075157619560203, 0.44591554800669353, 0.8694444444444445
 2043, 1.0192923098802567,         0.6741, 2.8295409321784972, 0.03944444444444444 , 0.7037075432987355   , 0.7760162237046988,                    ,  
 2044, 1.0063120365142821,         0.6794, 2.761233389377594 , 0.05211111111111111 , 0.7568935116366423   , 0.7487866433702194, 0.4146114216910468 , 0.8694444444444445
 2045, 0.9936369955539703,         0.6844, 2.855905330181122 , 0.041444444444444443, 0.6757112451526056   , 0.7819665759813448,                    ,  
 2046, 0.9987310260534287,         0.6793, 2.8848556518554687, 0.04388888888888889 , 0.6980513957700379   , 0.7759836674090571, 0.27477839092413586, 0.9131944444444444
 2047, 0.9917737662792205,         0.6827, 2.9288596510887146, 0.041666666666666664, 0.6523745655876367   , 0.7967228686772738,                    ,  
 2048, 0.983381724357605 ,         0.6854, 2.871118450164795 , 0.049666666666666665, 0.5540439775608083   , 0.8195211786372008, 0.39337883204139623, 0.8815426997245179
 2049, 0.9815053254365921,         0.6851, 2.874010407924652 , 0.05011111111111111 , 0.4343174637938503   , 0.8585987261146497,                    ,  
 2050, 0.9741421729326248,         0.6862, 2.8936816811561585, 0.04777777777777778 , 0.575827483587511    , 0.8136943708781222,                    ,  
 2051, 0.9693274319171905,         0.6858, 2.8745386481285093, 0.05677777777777778 , 0.6194652514291242   , 0.7988797012536677,                    ,  
 2052, 0.9676128208637238,         0.6841, 2.9208707928657534, 0.051111111111111114, 0.5478386697603292   , 0.8238704518192723, 0.283782035112381  , 0.9375
 2053, 0.9580756276845932,         0.6896, 2.8562847495079042, 0.06488888888888888 , 0.6745964582960678   , 0.7823144104803493, 0.39538617157082256, 0.8705234159779615
 2054, 0.9414953768253327,         0.6951, 2.800639843940735 , 0.07677777777777778 , 0.46345942145612096  , 0.8549697853719525,                    ,  
 2055, 0.9256840795278549,         0.6992, 2.812847363948822 , 0.085               , 0.3737153067478864   , 0.8847746090156394,                    ,  
 2056, 0.9265982002019882,         0.7016, 2.8614770770072937, 0.07444444444444444 , 0.6330913762515862   , 0.7926389679377727,                    ,  
 2057, 0.9107284754514694,         0.7043, 2.89047931432724  , 0.07744444444444444 , 0.32278328210232715  , 0.9021484790470112,                    ,  
 2058, 0.9071995258331299,         0.7047, 2.922070550918579 , 0.07044444444444445 , 0.48152214833621443  , 0.8512221912398638,                    ,  
 2059, 0.9053637325763703,         0.7056, 2.95427463054657  , 0.0661111111111111  , 0.5219078135790921   , 0.8280194754201351,                    ,  
 2060, 0.917964494228363 ,         0.7034, 2.8843802571296693, 0.07366666666666667 , 0.7498678386327182   , 0.7591193611051155, 0.38874076453152207, 0.8796680497925311
 2061, 0.9117334216833115,         0.7011, 2.9456915497779845, 0.063               , 0.4673540461266315   , 0.8429473684210527,                    ,  
 2062, 0.8964790552854538,         0.7083, 2.953278660774231 , 0.06677777777777778 , 0.2014873739530309   , 0.9366761437063841,                    ,  
 2063, 0.8835590541362762,         0.7135, 2.966326880455017 , 0.07422222222222222 , 0.2930435372323943   , 0.9130832570905764,                    ,  
 2064, 0.8826208204030991,         0.7099, 2.9306596159934997, 0.08211111111111111 , 0.4660313219945806   , 0.8471121177802945, 0.29084670543670654, 0.9270833333333334
 2065, 0.8826462656259537,         0.7085, 2.8936446785926817, 0.08688888888888889 , 0.554165932248233    , 0.8222506393861893,                    ,  
 2066, 0.8727464795112609,         0.7128, 2.9550057649612427, 0.08177777777777778 , 0.3580248093992986   , 0.8892988929889298,                    ,  
 2067, 0.877327772974968 ,         0.7068, 3.029947566986084 , 0.075               , 0.6827819233782969   , 0.7761915726456367,                    ,  
 2068, 0.8626651197671891,         0.7122, 3.0512964725494385, 0.08322222222222223 , 0.4009000125536229   , 0.8772264631043257,                    ,  
 2069, 0.8624263346195221,         0.7153, 3.0545999884605406, 0.07411111111111111 , 0.5481061540102249   , 0.8145359963547996,                    ,  
 2070, 0.8551235020160675,         0.7125, 3.0597189545631407, 0.07533333333333334 , 0.4448230332282546   , 0.8588723513123043,                    ,  
 2071, 0.8583898901939392,         0.7109, 3.0811813950538633, 0.075               , 0.4895941560917246   , 0.8433463194586837,                    ,  
 2072, 0.8533383697271347,         0.7162, 3.0749471187591553, 0.076               , 0.5220699770831841   , 0.8258538694676882,                    ,  
 2073, 0.8677124857902527,         0.709 , 3.0669495463371277, 0.07                , 0.5780862211772064   , 0.8121621621621622,                    ,  
 2074, 0.8489874184131623,         0.7181, 3.0407575130462647, 0.07677777777777778 , 0.5477196956618327   , 0.8243734108245551,                    ,  
 2075, 0.8561665445566178,         0.7146, 2.951803815364838 , 0.08822222222222222 , 0.3655781518442583   , 0.8922081155090864, 0.31221591356890666, 0.8998178506375227
 2076, 0.8439541220664978,         0.7155, 2.9316974401474   , 0.10155555555555555 , 0.4615518116261909   , 0.8590943587149   ,                    ,  
 2077, 0.8493915230035782,         0.7104, 3.0644491314888   , 0.08088888888888889 , 0.5217649652614161   , 0.8352921701705016,                    ,  
 2078, 0.8419652849435806,         0.7165, 3.110220897197723 , 0.07755555555555556 , 0.32562503174563917  , 0.9025339448850517,                    ,  
 2079, 0.8447590887546539,         0.7177, 2.9776410698890685, 0.09277777777777778 , 0.6954202294983761   , 0.7752195825138567,                    ,  
 2080, 0.840247106552124 ,         0.7145, 3.0241838335990905, 0.09122222222222222 , 0.4056321691673941   , 0.8723404255319149,                    ,  
 2081, 0.8366458922624588,         0.719 , 3.0439528942108156, 0.091               , 0.398097647451227    , 0.8759015170355633,                    ,  
 2082, 0.839458304643631 ,         0.7196, 3.0280256390571596, 0.087               , 0.5991757712739575   , 0.8028615571519121, 0.34314730549975203, 0.8842975206611571
 2083, 0.8442057847976685,         0.7211, 2.874508011341095 , 0.10466666666666667 , 0.585376030244919    , 0.8057337610264635,                    ,  
 2084, 0.8584860265254974,         0.7154, 2.695236897468567 , 0.12866666666666668 , 0.6013677080505775   , 0.8116778954122553, 0.3090451395131081 , 0.9088952654232425
 2085, 0.8656766802072525,         0.7121, 2.73801509141922  , 0.11588888888888889 , 0.45068805277371565  , 0.8580545469062429,                    ,  
 2086, 0.8572250664234161,         0.7134, 2.728976535797119 , 0.12477777777777778 , 0.47477611506524364  , 0.8504033282520326,                    ,  
 2087, 0.8464710205793381,         0.7141, 2.791703701019287 , 0.11944444444444445 , 0.3558655928914201   , 0.8779214885409575,                    ,  
 2088, 0.8410450786352157,         0.7192, 2.839045822620392 , 0.11866666666666667 , 0.5231235234439681   , 0.8297872340425532,                    ,  
 2089, 0.8482320785522461,         0.7176, 2.8668704867362975, 0.10777777777777778 , 0.5801005636342983   , 0.8164607413312076,                    ,  
 2090, 0.850805726647377 ,         0.7191, 2.860220766067505 , 0.10244444444444445 , 0.40670180879653384  , 0.8620245003223727,                    ,  
 2091, 0.855631560087204 ,         0.7164, 2.890270733833313 , 0.09877777777777778 , 0.4922296768943328   , 0.8402023204679362, 0.29499202304416233, 0.9131944444444444
 2092, 0.857810202240944 ,         0.7161, 2.8968769788742064, 0.10044444444444445 , 0.6074272139934606   , 0.8034377363619174,                    ,  
 2093, 0.8770992815494537,         0.7058, 2.9019182443618776, 0.09577777777777778 , 0.7051709477473563   , 0.7678899082568807,                    ,  
 2094, 0.8727343559265137,         0.7048, 2.925525188446045 , 0.1                 , 0.4525052700227138   , 0.862883518870486 , 0.27939020262824166, 0.9270833333333334
 2095, 0.8740373641252518,         0.7067, 2.902852010726929 , 0.09255555555555556 , 0.6123475641655182   , 0.7924925451675144,                    ,  
 2096, 0.8802914828062057,         0.7113, 2.7929381370544433, 0.10866666666666666 , 0.6174384805159104   , 0.8106325983927467, 0.2661890475177187 , 0.9219380888290714
 2097, 0.882402417063713 ,         0.7092, 2.7441532015800476, 0.11066666666666666 , 0.6253615194796673   , 0.7954054584724131, 0.31181412601405806, 0.9016393442622951
 2098, 0.888252928853035 ,         0.7092, 2.634889280796051 , 0.1282222222222222  , 0.7595797600290694   , 0.7467211352397334, 0.34474019432133823, 0.9087136929460581
 2099, 0.8904991745948792,         0.7053, 2.6825894594192503, 0.11288888888888889 , 0.7358749244215251   , 0.7630496588324488, 0.40699598921669855, 0.8777777777777778
 2100, 0.8856767565011978,         0.711 , 2.6269428968429565, 0.125               , 0.29748532580338977  , 0.9061599931212   , 0.27095301016102247, 0.917900403768506
 2101, 0.8817787438631057,         0.7144, 2.5333739280700684, 0.1461111111111111  , 0.4316151697833865   , 0.8550497121925693, 0.34382407721510355, 0.8936678614097969
 2102, 0.8992495030164719,         0.7059, 2.4500035762786867, 0.1527777777777778  , 0.41814901648913894  , 0.8611812216052499, 0.3699234481934858 , 0.8834244080145719
 2103, 0.8916036278009415,         0.7061, 2.5455496549606322, 0.13933333333333334 , 0.6910857586590776   , 0.7727459860024701,                    ,  
 2104, 0.899430313706398 ,         0.7082, 2.508856272697449 , 0.14433333333333334 , 0.6711507917641403   , 0.786013986013986 ,                    ,  
 2105, 0.8925162881612778,         0.7101, 2.601760709285736 , 0.13311111111111112 , 0.6364108795309154   , 0.7942245557350566,                    ,  
 2106, 0.8859803974628448,         0.7093, 2.5987721562385557, 0.13322222222222221 , 0.42876326752121946  , 0.8622333751568382, 0.3264459779604079 , 0.9035812672176309
 2107, 0.8868985593318939,         0.7133, 2.6205289721488954, 0.12855555555555556 , 0.7216409500917343   , 0.7603305785123967,                    ,  
 2108, 0.8928417354822159,         0.7095, 2.554044556617737 , 0.14055555555555554 , 0.6213618878758487   , 0.8053855569155447, 0.27130046155717635, 0.9305555555555556
 2109, 0.8858760327100754,         0.7075, 2.5095792531967165, 0.15722222222222224 , 0.470668196201477    , 0.8502879078694817, 0.3047355352682844 , 0.9118457300275482
 2110, 0.9021716117858887,         0.705 , 2.5735124707221986, 0.1388888888888889  , 0.7581096581838331   , 0.75              , 0.3327417156518266 , 0.8961748633879781
 2111, 0.8903428852558136,         0.7088, 2.598057436943054 , 0.13777777777777778 , 0.5193687732764259   , 0.833941605839416 ,                    ,  
 2112, 0.8803547441959381,         0.7119, 2.6594800472259523, 0.13266666666666665 , 0.3668309032142138   , 0.8879488237721832,                    ,  
 2113, 0.8770240008831024,         0.7116, 2.6689129114151   , 0.12977777777777777 , 0.4468825792502678   , 0.8564650059311981,                    ,  
 2114, 0.8736831963062286,         0.7127, 2.692162346839905 , 0.13377777777777777 , 0.48198851468485027  , 0.842937174869948 ,                    ,  
 2115, 0.8609923273324966,         0.7178, 2.747629404067993 , 0.12444444444444444 , 0.35084134901660124  , 0.8844799248649918,                    ,  
 2116, 0.855272701382637 ,         0.7182, 2.7779956221580506, 0.12022222222222222 , 0.48401240700193854  , 0.8489435509303059,                    ,  
 2117, 0.8426779597997666,         0.7216, 2.773908233642578 , 0.122               , 0.3919119707998188   , 0.8782172002510985,                    ,  
 2118, 0.8515113294124603,         0.7161, 2.7631481885910034, 0.128               , 0.4437313222896032   , 0.8581802648440837, 0.31764619681570266, 0.8944444444444445
 2119, 0.8467321068048477,         0.7182, 2.7370667815208436, 0.13311111111111112 , 0.2008217277405588   , 0.9421676721447888, 0.3283210518907328 , 0.9052823315118397
 2120, 0.8379958778619766,         0.7209, 2.799985718727112 , 0.12911111111111112 , 0.234779933475052    , 0.9284099472494348,                    ,  
 2121, 0.8297944724559784,         0.7235, 2.7412373185157777, 0.14133333333333334 , 0.45045463802511554  , 0.8490493764655723, 0.39092650281058416, 0.8888888888888888
 2122, 0.8307211250066757,         0.7193, 2.7266959309577943, 0.14655555555555555 , 0.40360788182866114  , 0.8754506128334535,                    ,  
 2123, 0.8244637161493301,         0.7229, 2.6752129554748536, 0.16477777777777777 , 0.25425157503232143  , 0.920976692563818 , 0.3120358351505164 , 0.9146005509641874
 2124, 0.8144446760416031,         0.726 , 2.734152150154114 , 0.15633333333333332 , 0.39771846022910445  , 0.8755709560560718,                    ,  
 2125, 0.8140199899673461,         0.7236, 2.677771520614624 , 0.17855555555555555 , 0.2735683291096734   , 0.9133944746376812,                    ,  
 2126, 0.8204225778579712,         0.7203, 2.730537641048431 , 0.17233333333333334 , 0.4688452973884589   , 0.8533367075192261,                    ,  
 2127, 0.8235925763845444,         0.7216, 2.7015271306037905, 0.16966666666666666 , 0.43916237144434495  , 0.849625468164794 ,                    ,  
 2128, 0.814043715596199 ,         0.7258, 2.677556312084198 , 0.17344444444444446 , 0.287257836997945    , 0.9070306674123788, 0.35013129769778645, 0.9016393442622951
 2129, 0.8028623551130295,         0.7291, 2.6272857904434206, 0.19077777777777777 , 0.40247089850159795  , 0.8714222809335095,                    ,  
 2130, 0.8069942623376847,         0.727 , 2.644057536125183 , 0.1981111111111111  , 0.17630053440740157  , 0.9502727878146239,                    ,  
 2131, 0.795807296037674 ,         0.7317, 2.65913804769516  , 0.19822222222222222 , 0.2605373543715535   , 0.9236555095900715,                    ,  
 2132, 0.8045620292425155,         0.726 , 2.704978919029236 , 0.18355555555555556 , 0.4455167591032419   , 0.8520698450068668,                    ,  
 2133, 0.7976300567388535,         0.7299, 2.755227828025818 , 0.16644444444444445 , 0.4243028894761873   , 0.8653846153846154,                    ,  
 2134, 0.8065106958150864,         0.7254, 2.6373326778411865, 0.18622222222222223 , 0.5554147640255392   , 0.8240362247288793, 0.26545612283630354, 0.9195298372513563
 2135, 0.8114727288484573,         0.722 , 2.6876242637634276, 0.17455555555555555 , 0.5665518507806342   , 0.8248726794808608,                    ,  
 2136, 0.8127011120319366,         0.7269, 2.542115044593811 , 0.20633333333333334 , 0.21813594425371127  , 0.9297685554668795, 0.2926919550970062 , 0.9213381555153707
 2137, 0.8097280919551849,         0.7243, 2.546380317211151 , 0.20977777777777779 , 0.39865488979950137  , 0.8720514653323803, 0.3085983649265668 , 0.9035812672176309
 2138, 0.815652260184288 ,         0.7227, 2.5481163382530214, 0.2078888888888889  , 0.5272632116274057   , 0.8249106687085248,                    ,  
 2139, 0.8097245663404464,         0.7261, 2.520883321762085 , 0.21955555555555556 , 0.19083459215050327  , 0.9415776986951364, 0.33617034850041727, 0.90633608815427
 2140, 0.8093033879995346,         0.7255, 2.5699030995368957, 0.20855555555555555 , 0.38720880445180944  , 0.8724975385625205,                    ,  
 2141, 0.8299585968255997,         0.7224, 2.6231550097465517, 0.17644444444444443 , 0.42675824918864685  , 0.8670518261316872, 0.2407784721893064 , 0.9259757738896366
 2142, 0.828576746582985 ,         0.7241, 2.5769569277763367, 0.182               , 0.673085673684025    , 0.7824535036633478,                    ,  
 2143, 0.822399964928627 ,         0.7265, 2.593728172779083 , 0.18288888888888888 , 0.25934895217314374  , 0.9244677748614757, 0.2725869260357334 , 0.917900403768506
 2144, 0.8195246636867524,         0.7247, 2.4944531679153443, 0.21033333333333334 , 0.2450506951689562   , 0.919893899204244 , 0.3265512228012085 , 0.9055555555555556
 2145, 0.8172050327062607,         0.7224, 2.6142304658889772, 0.18488888888888888 , 0.4891391246807631   , 0.837570093457944 ,                    ,  
 2146, 0.8119008153676986,         0.726 , 2.5786577343940733, 0.20077777777777778 , 0.41757378475219376  , 0.8688343286883433, 0.2589439849058787 , 0.9340277777777778
 2147, 0.8077716708183289,         0.727 , 2.470662271976471 , 0.22666666666666666 , 0.5069404296908293   , 0.8427331887201736, 0.2748419849828641 , 0.9216589861751152
 2148, 0.80578154027462  ,         0.7289, 2.4224578619003294, 0.24588888888888888 , 0.3572496856217535   , 0.8924130931235726, 0.39599823554356894, 0.9027777777777778
 2149, 0.794750165939331 ,         0.7345, 2.3689438939094543, 0.2633333333333333  , 0.3126889784620024   , 0.9016013485040034,                    ,  
 2150, 0.8002352476119995,         0.7285, 2.372423243522644 , 0.26066666666666666 , 0.40424809673384926  , 0.8748635073160078, 0.3184589677386814 , 0.9027777777777778
 2151, 0.7991523325443268,         0.7324, 2.405947685241699 , 0.25566666666666665 , 0.41080129424800205  , 0.8741042029827619,                    ,  
 2152, 0.8093049198389053,         0.7279, 2.364513564109802 , 0.26622222222222225 , 0.49870558873909077  , 0.83463030956739  ,                    ,  
 2153, 0.804834708571434 ,         0.7274, 2.396777296066284 , 0.24833333333333332 , 0.5175345518638824   , 0.8330320291442049,                    ,  
 2154, 0.7980151116847992,         0.7308, 2.459519422054291 , 0.235               , 0.4285221088018927   , 0.8642729340971529,                    ,  
 2155, 0.8079729020595551,         0.7257, 2.441228914260864 , 0.229               , 0.5657891030527341   , 0.8190101840271574, 0.32891490078497854, 0.9008264462809917
 2156, 0.8141395211219787,         0.7229, 2.4300574898719787, 0.226               , 0.47992491780132773  , 0.8440270156184044, 0.28186233989483256, 0.9300134589502019
 2157, 0.8157937377691269,         0.7213, 2.4695730328559877, 0.21355555555555555 , 0.35992330527126004  , 0.8898305084745762,                    ,  
 2158, 0.8036470472812652,         0.7258, 2.5092994213104247, 0.2111111111111111  , 0.2415213389889518   , 0.9261090647021141,                    ,  
 2159, 0.8132038474082947,         0.7254, 2.4391127228736877, 0.21744444444444444 , 0.6191051154611856   , 0.7924398625429553, 0.24756163056544994, 0.9278033794162827
 2160, 0.8174117803573608,         0.7215, 2.412276816368103 , 0.21733333333333332 , 0.5293454515382031   , 0.8270062451209993,                    ,  
 2161, 0.817493337392807 ,         0.7245, 2.3499229073524477, 0.23155555555555554 , 0.4455538749227362   , 0.8601203266007735,                    ,  
 2162, 0.8185855835676193,         0.7243, 2.3663729667663573, 0.231               , 0.2769979163504287   , 0.9169173802360565, 0.24498611423704358, 0.9222222222222223
 2163, 0.8110644668340683,         0.7285, 2.4352513909339906, 0.21977777777777777 , 0.3824157316165476   , 0.883466362599772 , 0.28634192102868367, 0.90633608815427
 2164, 0.8119885355234147,         0.7239, 2.407567930221558 , 0.235               , 0.336855820982249    , 0.8945998698763825,                    ,  
 2165, 0.8113628298044204,         0.7247, 2.3908244729042054, 0.23077777777777778 , 0.3119657865543078   , 0.9010428736964079, 0.29195436145383286, 0.9219380888290714
 2166, 0.8053183197975159,         0.7279, 2.4496132493019105, 0.2212222222222222  , 0.43932073658864657  , 0.8671600370027752,                    ,  
 2167, 0.8024871081113816,         0.7306, 2.493047869205475 , 0.21644444444444444 , 0.3475307291243749   , 0.896149843912591 ,                    ,  
 2168, 0.8068412989377975,         0.7274, 2.385003137588501 , 0.23044444444444445 , 0.6267076225797082   , 0.7922442862495317, 0.30353470230797386, 0.9180327868852459
 2169, 0.8035276144742965,         0.7274, 2.4148947954177857, 0.22666666666666666 , 0.36715585941998047  , 0.8866159068795787,                    ,  
 2170, 0.8010617941617966,         0.7323, 2.4187790513038636, 0.2242222222222222  , 0.41126643792872647  , 0.8692953632712669,                    ,  
 2171, 0.8004298508167267,         0.7316, 2.3808379888534548, 0.23977777777777778 , 0.3103917043084986   , 0.9059233449477352, 0.2566220402569387 , 0.9285714285714286
 2172, 0.7929074376821518,         0.7341, 2.430174160003662 , 0.22966666666666666 , 0.26618906396180425  , 0.9207920792079208,                    ,  
 2173, 0.7966063141822814,         0.7341, 2.4443219542503356, 0.22722222222222221 , 0.3928653400941272   , 0.8737216540684749, 0.3029059661759271 , 0.9166666666666666
 2174, 0.7968761503696442,         0.732 , 2.4965046405792237, 0.22233333333333333 , 0.4179546807098492   , 0.8659392049883087,                    ,  
 2175, 0.7924649864435196,         0.7353, 2.5131509780883787, 0.218               , 0.2236955734720368   , 0.9328841668826121, 0.2836510493328562 , 0.9111709286675639
 2176, 0.7949940949678421,         0.7292, 2.579631578922272 , 0.20733333333333334 , 0.5625213060961644   , 0.8174665617623919,                    ,  
 2177, 0.7949244350194931,         0.7277, 2.6242268204689028, 0.20933333333333334 , 0.2847246032641817   , 0.9142132969389745,                    ,  
 2178, 0.7946091741323471,         0.7286, 2.6051724433898924, 0.21144444444444443 , 0.38216990701768316  , 0.8806320734571855, 0.31674815513505744, 0.907103825136612
 2179, 0.8032744258642197,         0.7278, 2.5982337951660157, 0.205               , 0.5163379894658833   , 0.8331802314899871,                    ,  
 2180, 0.7912464082241059,         0.7337, 2.630864143371582 , 0.20522222222222222 , 0.36994011339647703  , 0.8842164283711803,                    ,  
 2181, 0.7854615688323975,         0.7376, 2.62417414188385  , 0.21544444444444444 , 0.16492988499428773  , 0.9498722233143306,                    ,  
 2182, 0.7871901154518127,         0.7346, 2.6578482031822204, 0.20322222222222222 , 0.3993006625659563   , 0.878513669618791 ,                    ,  
 2183, 0.7888456434011459,         0.7343, 2.731752395629883 , 0.19144444444444444 , 0.37923589425174814  , 0.881288526546033 ,                    ,  
 2184, 0.7920343309640885,         0.7327, 2.6583036541938783, 0.20422222222222222 , 0.30160634704976125  , 0.9033238751520065, 0.29297799543849873, 0.9098250336473755
 2185, 0.7923350602388382,         0.7323, 2.682153916358948 , 0.1948888888888889  , 0.4155292902224556   , 0.8690843155031731,                    ,  
 2186, 0.8002281039953232,         0.7302, 2.5047601461410522, 0.22733333333333333 , 0.5068312630300165   , 0.8383666806274748, 0.2734869983461168 , 0.9289617486338798
 2187, 0.7955284655094147,         0.7328, 2.543531584739685 , 0.22055555555555556 , 0.34510106086631803  , 0.8893881783615624,                    ,  
 2188, 0.7944801717996597,         0.7291, 2.4781151533126833, 0.23844444444444443 , 0.29730148724527367  , 0.9066312140495179, 0.2787401713280466 , 0.9246298788694481
 2189, 0.7873150110244751,         0.7407, 2.4888904452323914, 0.239               , 0.4959079334681684   , 0.8326656394453005,                    ,  
 2190, 0.7936771869659424,         0.7305, 2.410965657234192 , 0.257               , 0.3422451848215093   , 0.8902550091074681, 0.2729545694507721 , 0.9330943847072879
 2191, 0.7986151933670044,         0.7282, 2.3923593878746034, 0.2628888888888889  , 0.35464337290341325  , 0.8928571428571429, 0.27544252069528435, 0.9173553719008265
 2192, 0.8340286999940872,         0.7194, 2.421613597869873 , 0.22944444444444445 , 0.5107146412540836   , 0.832191235059761 ,                    ,  
 2193, 0.8364150941371917,         0.7206, 2.524707221984863 , 0.20355555555555555 , 0.444446462253647    , 0.8549494219653179,                    ,  
 2194, 0.8408051669597626,         0.7126, 2.5168530464172365, 0.20644444444444446 , 0.17838978235263592  , 0.9478131212723658,                    ,  
 2195, 0.835795310139656 ,         0.7184, 2.4998413205146788, 0.21877777777777777 , 0.20985112398269018  , 0.9332503113325031, 0.3672848131921556 , 0.8972222222222223
 2196, 0.8332178086042404,         0.7172, 2.314371681213379 , 0.25466666666666665 , 0.35845940234302887  , 0.8846709304724572,                    ,  
 2197, 0.8299166351556778,         0.7206, 2.2679389357566833, 0.26522222222222225 , 0.44891312941376427  , 0.8621269440941572, 0.2613469884004803 , 0.928374655647383
 2198, 0.8411683738231659,         0.717 , 2.217388689517975 , 0.26466666666666666 , 0.3097678122484706   , 0.8988132417239225, 0.1954791678322686 , 0.9444444444444444
 2199, 0.8410172909498215,         0.7149, 2.185054290294647 , 0.2831111111111111  , 0.4071948820993038   , 0.867168358417921 ,                    ,  
 2200, 0.8324305027723312,         0.718 , 2.227590048313141 , 0.27544444444444444 , 0.2704005014225884   , 0.906219344712576 ,                    ,  
 2201, 0.8256704837083817,         0.7229, 2.232936477661133 , 0.2697777777777778  , 0.4277050119460433   , 0.8578171353641006,                    ,  
 2202, 0.8230650514364243,         0.7199, 2.273486924171448 , 0.26722222222222225 , 0.24142412647673353  , 0.9260808926080892,                    ,  
 2203, 0.8339734226465225,         0.72  , 2.218829667568207 , 0.27111111111111114 , 0.5925417020304227   , 0.8106060606060606, 0.2783663197543479 , 0.9113924050632911
 2204, 0.8314122200012207,         0.72  , 2.2181354641914366, 0.2817777777777778  , 0.38428906139955715  , 0.8747352496217852, 0.2684298179666018 , 0.9324116743471582
 2205, 0.8365016937255859,         0.7193, 2.2870113253593445, 0.257               , 0.6237726795620884   , 0.7978352595853971,                    ,  
 2206, 0.8330416440963745,         0.7195, 2.274131655693054 , 0.26711111111111113 , 0.3860457471972016   , 0.876967095851216 ,                    ,  
 2207, 0.8196020632982254,         0.7237, 2.2580053091049193, 0.2698888888888889  , 0.24213835713909934  , 0.9297672519395672,                    ,  
 2208, 0.8275474548339844,         0.7183, 2.279072070121765 , 0.261               , 0.5544278792000489   , 0.8192587578270435,                    ,  
 2209, 0.8208394050598145,         0.7212, 2.2943265438079834, 0.2588888888888889  , 0.2586134625463633   , 0.9231971422192453,                    ,  
 2210, 0.8088294774293899,         0.723 , 2.280547320842743 , 0.2778888888888889  , 0.25900796933027254  , 0.9185722253206916,                    ,  
 2211, 0.8128778249025345,         0.7222, 2.3004662156105042, 0.2733333333333333  , 0.5524206161660352   , 0.8186782150254189, 0.32174010276794435, 0.9111111111111111
 2212, 0.8111124783754349,         0.7261, 2.309572422504425 , 0.27366666666666667 , 0.22874200937326422  , 0.9355941114616193, 0.2695662917841236 , 0.9146005509641874
 2213, 0.8091334909200668,         0.7243, 2.310422670841217 , 0.2778888888888889  , 0.42208732526261916  , 0.8647845468053492, 0.2203288988934623 , 0.9548611111111112
 2214, 0.805637976527214 ,         0.7231, 2.32461873292923  , 0.26555555555555554 , 0.5463831543347517   , 0.8246753246753247,                    ,  
 2215, 0.8229788243770599,         0.721 , 2.4712117671966554, 0.2331111111111111  , 0.49701936732006047  , 0.8373774706733087,                    ,  
 2216, 0.8199127554893494,         0.7202, 2.495503103733063 , 0.22466666666666665 , 0.389517104669606    , 0.8793610760823876, 0.25677112528936263, 0.9256198347107438
 2217, 0.8108630150556564,         0.7235, 2.480432760715485 , 0.23866666666666667 , 0.31200072893573194  , 0.8997760358342665, 0.2097867892848121 , 0.9444444444444444
 2218, 0.8204979836940766,         0.7205, 2.4753087401390075, 0.22833333333333333 , 0.46657153435682597  , 0.8517156862745098, 0.2733543906486211 , 0.9192462987886945
 2219, 0.8173273116350174,         0.723 , 2.4948467373847962, 0.23155555555555554 , 0.34011759887427445  , 0.8948818897637796,                    ,  
 2220, 0.8223217576742172,         0.7225, 2.4809200048446653, 0.23322222222222222 , 0.3730042076128472   , 0.8823766364551863, 0.24647220850155044, 0.931129476584022
 2221, 0.8160422086715698,         0.7249, 2.4940568566322328, 0.22366666666666668 , 0.5331061177927807   , 0.8266354298071724,                    ,  
 2222, 0.8126382797956466,         0.724 , 2.5031880021095274, 0.231               , 0.32555208440718403  , 0.9020030152918371,                    ,  
 2223, 0.8017531514167786,         0.7306, 2.432251715660095 , 0.24588888888888888 , 0.3622313581698724   , 0.8842715499179384, 0.2560775207750725 , 0.9090909090909091
 2224, 0.7955840438604355,         0.7331, 2.3156394481658937, 0.2791111111111111  , 0.2742010123754855   , 0.9132576568858428, 0.21852049893803066, 0.9409722222222222
 2225, 0.7965354800224305,         0.7308, 2.328809666633606 , 0.283               , 0.21425006092076376  , 0.9341302756769944,                    ,  
 2226, 0.7857956260442733,         0.7313, 2.249750757217407 , 0.30366666666666664 , 0.268760136657123    , 0.914908916586769 ,                    ,  
 2227, 0.7876689314842225,         0.7308, 2.281491589546204 , 0.294               , 0.32805536393283474  , 0.8930917778220188,                    ,  
 2228, 0.7901665419340134,         0.7314, 2.1560102343559264, 0.3287777777777778  , 0.30994100132358493  , 0.9055306427503736, 0.2892130796164452 , 0.921146953405018
 2229, 0.790399244427681 ,         0.725 , 2.1526121735572814, 0.3407777777777778  , 0.16998748547367326  , 0.9462844998298215,                    ,  
 2230, 0.7847309648990631,         0.7267, 2.192229521274567 , 0.33655555555555555 , 0.1661304000715272   , 0.9435982865302237,                    ,  
 2231, 0.7795474112033844,         0.7308, 2.2127068877220153, 0.3378888888888889  , 0.15188726690133084  , 0.9549117839250708,                    ,  
 2232, 0.7795800149440766,         0.735 , 2.2146199703216554, 0.3407777777777778  , 0.16590195232956242  , 0.9489658273381295,                    ,  
 2233, 0.7919464617967605,         0.7246, 2.204646575450897 , 0.35255555555555557 , 0.399162234347419    , 0.8787935909519321, 0.20184179643789926, 0.9513888888888888
 2234, 0.7908732265233993,         0.7299, 2.1578471064567566, 0.367               , 0.21480719471005377  , 0.9342222222222222, 0.37435194386376275, 0.8861111111111111
 2235, 0.785276111960411 ,         0.7275, 2.082038104534149 , 0.386               , 0.3287448851158397   , 0.8992132681267276, 0.23609021185705512, 0.9353970390309556
 2236, 0.788599357008934 ,         0.7295, 2.2073574900627135, 0.33644444444444443 , 0.5084298303044726   , 0.8374061958822397,                    ,  
 2237, 0.7897894591093063,         0.7298, 2.253647357225418 , 0.332               , 0.12894913993619075  , 0.9625395280953539,                    ,  
 2238, 0.7908443242311478,         0.7264, 2.259851396083832 , 0.3343333333333333  , 0.24242715639188203  , 0.9257251287611818, 0.20728874372111428, 0.9409722222222222
 2239, 0.7885069102048874,         0.7303, 2.2648782968521117, 0.328               , 0.29193694111342056  , 0.9088427947598253, 0.23943190028029201, 0.9321047526673133
 2240, 0.7881381660699844,         0.7303, 2.265025222301483 , 0.33855555555555555 , 0.2535979922967009   , 0.9180800542740841,                    ,  
 2241, 0.7868244141340256,         0.729 , 2.310997712612152 , 0.32966666666666666 , 0.30258600317076084  , 0.9058123920966814,                    ,  
 2242, 0.7807195723056793,         0.7317, 2.2988729238510133, 0.3393333333333333  , 0.20573307194791624  , 0.9394311438510333,                    ,  
 2243, 0.788191682100296 ,         0.7317, 2.392144191265106 , 0.31444444444444447 , 0.24267847310040222  , 0.9290580220812779,                    ,  
 2244, 0.7823854953050613,         0.7298, 2.4278802990913393, 0.31066666666666665 , 0.46595298902823173  , 0.8552783358736318,                    ,  
 2245, 0.7699264883995056,         0.7328, 2.3608872294425964, 0.3234444444444444  , 0.3374752549723782   , 0.8900897600293094, 0.22026296291086409, 0.9444444444444444
 2246, 0.76872618496418  ,         0.7345, 2.3805705189704893, 0.32055555555555554 , 0.2432458565922352   , 0.9241361392569498,                    ,  
 2247, 0.7812735617160798,         0.734 , 2.4591617703437807, 0.3088888888888889  , 0.3000693645644248   , 0.9080642228718295,                    ,  
 2248, 0.785937312245369 ,         0.7292, 2.4834110736846924, 0.3005555555555556  , 0.336006445315585    , 0.8968600540652942,                    ,  
 2249, 0.7771862179040909,         0.7312, 2.4293729782104494, 0.30077777777777776 , 0.30355326632300006  , 0.9034897713598075, 0.3074528323279487 , 0.9166666666666666
 2250, 0.7960018128156662,         0.7281, 2.398406958580017 , 0.2862222222222222  , 0.5669200606526948   , 0.8125802310654685,                    ,  
 2251, 0.8002717435359955,         0.7268, 2.454968202114105 , 0.26055555555555554 , 0.4463161308205918   , 0.856350626118068 ,                    ,  
 2252, 0.7937029361724853,         0.7283, 2.428864562511444 , 0.2693333333333333  , 0.12662456914109238  , 0.9657888813864506,                    ,  
 2253, 0.8035564184188843,         0.7256, 2.352921557426453 , 0.2806666666666667  , 0.3873731774982728   , 0.8741926536662615, 0.20181350078847674, 0.9444444444444444
 2254, 0.7959986507892609,         0.7269, 2.3375295281410216, 0.28544444444444445 , 0.2697297721728862   , 0.9186913639643974, 0.2864500619163198 , 0.9173553719008265
 2255, 0.793419924378395 ,         0.7299, 2.313683295249939 , 0.2866666666666667  , 0.5092656489598918   , 0.8361875108112783,                    ,  
 2256, 0.7883680284023284,         0.7325, 2.255255401134491 , 0.302               , 0.21433459983400943  , 0.9341452413170952, 0.41884089558502363, 0.8615664845173042
 2257, 0.7910960495471955,         0.7304, 2.2874777793884276, 0.28955555555555557 , 0.36352959664634227  , 0.8867851622874807, 0.28901981247795955, 0.9222222222222223
 2258, 0.7929113000631333,         0.7292, 2.226380801200867 , 0.31433333333333335 , 0.29493016375426956  , 0.9086007658336287, 0.2044734325673845 , 0.9479166666666666
 2259, 0.7858525574207306,         0.7302, 2.1842346012592317, 0.3317777777777778  , 0.3215614151313827   , 0.8997868599473791,                    ,  
 2260, 0.79029281437397  ,         0.7257, 2.138176941871643 , 0.3466666666666667  , 0.3604392970201544   , 0.8838420107719929,                    ,  
 2261, 0.7884577423334121,         0.7259, 2.1648050010204316, 0.3447777777777778  , 0.13760224810683877  , 0.9609397112935183,                    ,  
 2262, 0.7814619809389114,         0.7349, 2.130950903892517 , 0.35244444444444445 , 0.28712679614046993  , 0.9134716111460297, 0.2706605197804131 , 0.9165545087483177
 2263, 0.7788584560155869,         0.7298, 2.131697005033493 , 0.3536666666666667  , 0.19185566015945088  , 0.9385556915544676,                    ,  
 2264, 0.7797584652900695,         0.7366, 2.2005795001983643, 0.33166666666666667 , 0.46514305212522494  , 0.8448889642312256,                    ,  
 2265, 0.7811216086149215,         0.7332, 2.191812777519226 , 0.3357777777777778  , 0.19371663930711389  , 0.9408135283363802,                    ,  
 2266, 0.7751772582530976,         0.7331, 2.1425343573093416, 0.35488888888888886 , 0.22651769589902498  , 0.9306553911205074,                    ,  
 2267, 0.7699835449457169,         0.7371, 2.118756365776062 , 0.36733333333333335 , 0.11093183010113689  , 0.9674528301886792, 0.2050980163945092 , 0.9479166666666666
 2268, 0.7682979226112365,         0.7378, 2.1043868601322173, 0.37166666666666665 , 0.17521989817346162  , 0.9485278080697928,                    ,  
 2269, 0.7674774348735809,         0.7354, 1.9911938190460206, 0.40355555555555556 , 0.16633262566583248  , 0.9467501957713391, 0.2924892169283037 , 0.9108910891089109
 2270, 0.7721579223871231,         0.7376, 2.02813138961792  , 0.4001111111111111  , 0.25997568588632525  , 0.9195040710584752,                    ,  
 2271, 0.7739293456077576,         0.7338, 1.9807031333446503, 0.405               , 0.3168842687098459   , 0.8994120947059902,                    ,  
 2272, 0.7715727806091308,         0.7382, 1.9354327857494353, 0.42377777777777775 , 0.04556461322353498  , 0.9893078221722004, 0.18195238212744394, 0.9583333333333334
 2273, 0.7845846623182297,         0.731 , 1.971282809972763 , 0.39711111111111114 , 0.5393168444031399   , 0.8252747252747252,                    ,  
 2274, 0.7866762638092041,         0.7301, 2.067149895429611 , 0.376               , 0.4923824193824545   , 0.8458398744113029,                    ,  
 2275, 0.7786237746477127,         0.7322, 2.061122143268585 , 0.3851111111111111  , 0.1694676918534699   , 0.9532314673402256,                    ,  
 2276, 0.7749836951494217,         0.7336, 2.025019133090973 , 0.38922222222222225 , 0.16650236007593708  , 0.9465648854961832, 0.21801574362648857, 0.9479166666666666
 2277, 0.7800157308578491,         0.7341, 2.038786894083023 , 0.393               , 0.2209135005583927   , 0.9295372032822821,                    ,  
 2278, 0.7807994902133941,         0.7313, 2.0967036485671997, 0.37955555555555553 , 0.3716806421836568   , 0.882563025210084 ,                    ,  
 2279, 0.7799759387969971,         0.7335, 2.028034108877182 , 0.4002222222222222  , 0.26543679302681106  , 0.9179324894514768, 0.18825377192762163, 0.9652777777777778
 2280, 0.7725509613752365,         0.7362, 2.076825684309006 , 0.388               , 0.21771540342445814  , 0.9299363057324841,                    ,  
 2281, 0.7682595819234848,         0.738 , 2.1350357949733736, 0.3672222222222222  , 0.41547492133957603  , 0.8736490148944194,                    ,  
 2282, 0.7733726739883423,         0.7384, 2.1809336245059967, 0.35988888888888887 , 0.24020425306813514  , 0.9266609145815358,                    ,  
 2283, 0.7687503755092621,         0.738 , 2.156891071796417 , 0.365               , 0.16878046799938948  , 0.9469047619047619, 0.16811042113436592, 0.9652777777777778
 2284, 0.7724075734615325,         0.7376, 2.1578369200229646, 0.37444444444444447 , 0.20032003551854619  , 0.9388392857142858, 0.18647784491380057, 0.9618055555555556
 2285, 0.7684727072715759,         0.7378, 2.0662207305431366, 0.395               , 0.18292191656525905  , 0.9488914819136522, 0.2855215205958015 , 0.9166666666666666
 2286, 0.7822148829698563,         0.7343, 2.1870527446269987, 0.365               , 0.4494728212801196   , 0.8506459033799327,                    ,  
 2287, 0.7722496777772904,         0.7357, 2.1981997728347777, 0.36233333333333334 , 0.23638338324363362  , 0.9281995661605206,                    ,  
 2288, 0.7747078567743302,         0.7354, 2.0677124083042147, 0.39055555555555554 , 0.3134122499460246   , 0.8989221069757982, 0.2652736434244211 , 0.9300134589502019
 2289, 0.7709108233451843,         0.7368, 2.120948666334152 , 0.38266666666666665 , 0.3182598052738534   , 0.8968392476245879,                    ,  
 2290, 0.7822071671485901,         0.7327, 2.050940376520157 , 0.4008888888888889  , 0.16121239980824334  , 0.9471750114836932,                    ,  
 2291, 0.7877490758895874,         0.728 , 2.108949291706085 , 0.3662222222222222  , 0.7574925893821147   , 0.7467308548530721, 0.2390786879290189 , 0.9294605809128631
 2292, 0.7955936819314957,         0.7268, 2.078042429685593 , 0.3741111111111111  , 0.44416782394155907  , 0.8586044859936575, 0.29990196197944247, 0.9057873485868102
 2293, 0.7899173319339752,         0.7287, 2.1202323853969576, 0.37255555555555553 , 0.18714539579083048  , 0.944218458108632 ,                    ,  
 2294, 0.7863547384738923,         0.7276, 2.050060969591141 , 0.3904444444444444  , 0.16574352707732878  , 0.9497889357920463, 0.3301236053307851 , 0.9083333333333333
 2295, 0.781651571393013 ,         0.735 , 1.9917881071567536, 0.40755555555555556 , 0.2950037545142972   , 0.909238625812442 , 0.27527872341360987, 0.9271402550091075
 2296, 0.7820986777544021,         0.7339, 2.0476300418376923, 0.39266666666666666 , 0.38653565212614444  , 0.8806099462831398,                    ,  
 2297, 0.7728409349918366,         0.734 , 2.0073250234127045, 0.4086666666666667  , 0.21209345286366563  , 0.9346301020408164, 0.26071964104970297, 0.9222222222222223
 2298, 0.7766207218170166,         0.7327, 2.0036945044994354, 0.4161111111111111  , 0.1361333948720464   , 0.9586457623267439,                    ,  
 2299, 0.7730927646160126,         0.7347, 1.9655352592468263, 0.4202222222222222  , 0.23758716350304093  , 0.9254333887437663, 0.29590067863464353, 0.9138888888888889
 2300, 0.7703441500663757,         0.7352, 1.877947098016739 , 0.44822222222222224 , 0.1410528076678059   , 0.9572798605056669, 0.29731913694125156, 0.9114799446749654
 2301, 0.7741305291652679,         0.736 , 1.883416473865509 , 0.4558888888888889  , 0.12366673113530532  , 0.9625834127740706,                    ,  
 2302, 0.7763442754745483,         0.7335, 1.860233974456787 , 0.4602222222222222  , 0.1452480213790684   , 0.9560857538035962,                    ,  
 2303, 0.7801811337471009,         0.7363, 1.8821126759052276, 0.461               , 0.11200619479319662  , 0.9679311693390692,                    ,  
 2304, 0.7726744025945663,         0.734 , 1.8886292695999145, 0.4588888888888889  , 0.1929608456280559   , 0.941356366289103 ,                    ,  
 2305, 0.7706833630800247,         0.7348, 1.847077190876007 , 0.4697777777777778  , 0.29786778092713045  , 0.9045521292217328,                    ,  
 2306, 0.7718446910381317,         0.7373, 1.944398820400238 , 0.4361111111111111  , 0.36199431036000923  , 0.8875206763462599,                    ,  
 2307, 0.7696666300296784,         0.7383, 1.9635414898395538, 0.44255555555555554 , 0.24190433042884402  , 0.9251109467455622,                    ,  
 2308, 0.7649886697530747,         0.7432, 1.972922945022583 , 0.43077777777777776 , 0.17490399093872938  , 0.9461567025621983,                    ,  
 2309, 0.7676601856946945,         0.7393, 1.9262071907520295, 0.4458888888888889  , 0.2544246944532786   , 0.9212651413189771,                    ,  
 2310, 0.7698225975036621,         0.741 , 1.9278867721557618, 0.4497777777777778  , 0.16070337331020318  , 0.953476862162831 ,                    ,  
 2311, 0.7726304024457932,         0.737 , 1.9742599964141845, 0.44355555555555554 , 0.2206515460938228   , 0.9276863181312569,                    ,  
 2312, 0.7659214615821839,         0.7398, 2.1080294787883758, 0.4007777777777778  , 0.5348333000106877   , 0.8200553088973537,                    ,  
 2313, 0.7643999010324478,         0.7406, 2.0975199043750763, 0.4057777777777778  , 0.1479441178052487   , 0.958656330749354 ,                    ,  
 2314, 0.7673791497945786,         0.7424, 2.1003593623638155, 0.4056666666666667  , 0.3015578087410702   , 0.9055207740466704,                    ,  
 2315, 0.7767551362514495,         0.7358, 2.100463700294495 , 0.40944444444444444 , 0.14559752940156748  , 0.9568224299065421,                    ,  
 2316, 0.7743433207273483,         0.7379, 2.1199727416038514, 0.39266666666666666 , 0.35998392327840034  , 0.8907459535538353,                    ,  
 2317, 0.7663747489452362,         0.7385, 2.1108408868312836, 0.40455555555555556 , 0.15874923255301257  , 0.9554623527062113,                    ,  
 2318, 0.7711049318313599,         0.7387, 2.084696102142334 , 0.40655555555555556 , 0.18466587115105215  , 0.9393939393939394,                    ,  
 2319, 0.7718301594257355,         0.7406, 2.096044880151749 , 0.4127777777777778  , 0.07364307335342858  , 0.9774785233341072,                    ,  
 2320, 0.7632571309804916,         0.7411, 2.1420692622661592, 0.3978888888888889  , 0.19742559990874176  , 0.9401698340894704,                    ,  
 2321, 0.7711643993854522,         0.7422, 2.125324320793152 , 0.405               , 0.16742699644098127  , 0.9496571634788885,                    ,  
 2322, 0.7680318832397461,         0.7393, 2.0858834207057955, 0.40955555555555556 , 0.3050548693920173   , 0.9012705686315351,                    ,  
 2323, 0.7662178784608841,         0.7413, 2.1279069066047667, 0.40744444444444444 , 0.22592529419879517  , 0.9277566539923955,                    ,  
 2324, 0.7673219799995422,         0.7457, 2.1089375972747804, 0.4166666666666667  , 0.07913601618619573  , 0.9793362554790231,                    ,  
 2325, 0.7630112648010254,         0.7457, 2.1248457789421082, 0.4141111111111111  , 0.1675104149880113   , 0.9485737243873041,                    ,  
 2326, 0.765299591422081 ,         0.7449, 2.179139715433121 , 0.40255555555555556 , 0.2116319419357052   , 0.9341555599761289,                    ,  
 2327, 0.7725106596946716,         0.7417, 2.244482171535492 , 0.3918888888888889  , 0.20605740843111212  , 0.9340080118068733,                    ,  
 2328, 0.7682953536510467,         0.7431, 2.210296332836151 , 0.40455555555555556 , 0.06102776217295608  , 0.981919046640641 ,                    ,  
 2329, 0.7717531353235245,         0.7438, 2.2472634077072144, 0.4038888888888889  , 0.14138643676807006  , 0.9582471318412639,                    ,  
 2330, 0.7741643399000168,         0.7444, 2.304100000858307 , 0.388               , 0.1951816945764411   , 0.9399330263708665,                    ,  
 2331, 0.7806957185268402,         0.739 , 2.332591140270233 , 0.377               , 0.20371651210757763  , 0.9287695688215045,                    ,  
 2332, 0.7670613706111908,         0.7423, 2.3020527958869934, 0.36922222222222223 , 0.3199991927961995   , 0.8993121895299961,                    ,  
 2333, 0.7646423518657685,         0.7452, 2.255359184741974 , 0.3718888888888889  , 0.31114491390734006  , 0.8953610964681076,                    ,  
 2334, 0.7699441164731979,         0.7456, 2.275153172016144 , 0.37344444444444447 , 0.08412743529963544  , 0.9770825029892387,                    ,  
 2335, 0.7750568121671677,         0.7397, 2.236346626281738 , 0.3883333333333333  , 0.16976416073318268  , 0.9493703418144436,                    ,  
 2336, 0.7686418741941452,         0.7424, 2.3304290652275084, 0.35533333333333333 , 0.3796516433298178   , 0.8769068911099421,                    ,  
 2337, 0.7675196081399918,         0.7433, 2.293419599533081 , 0.3731111111111111  , 0.1178584535387558   , 0.9655639624830786,                    ,  
 2338, 0.7663978546857834,         0.7455, 2.301787829399109 , 0.36944444444444446 , 0.36474992842330217  , 0.8807231283159757,                    ,  
 2339, 0.7660270929336548,         0.743 , 2.3273850083351135, 0.36544444444444446 , 0.17263526039771906  , 0.9460546155134864,                    ,  
 2340, 0.7726954698562623,         0.739 , 2.3963301301002504, 0.32066666666666666 , 0.4774956790779044   , 0.8484881939941418,                    ,  
 2341, 0.769039922952652 ,         0.7411, 2.313760280609131 , 0.33766666666666667 , 0.43005043327541603  , 0.8633025717284815,                    ,  
 2342, 0.7737838447093963,         0.7368, 2.3515162825584413, 0.3207777777777778  , 0.33125804181129975  , 0.8962126729788784,                    ,  
 2343, 0.7769971132278443,         0.732 , 2.3451796531677247, 0.31122222222222223 , 0.5062180398983386   , 0.8385573207385144,                    ,  
 2344, 0.7733421474695206,         0.7383, 2.355084228515625 , 0.30777777777777776 , 0.44124184704191527  , 0.8591046905653648,                    ,  
 2345, 0.7716663300991058,         0.7374, 2.3714719891548155, 0.3008888888888889  , 0.46075233031622886  , 0.8519579751671442,                    ,  
 2346, 0.7818993896245956,         0.7291, 2.421938729286194 , 0.28633333333333333 , 0.286904408102261    , 0.9082260772243984,                    ,  
 2347, 0.778784629702568 ,         0.7333, 2.4685754656791685, 0.27555555555555555 , 0.3101421806768492   , 0.899445471349353 ,                    ,  
 2348, 0.7759521931409836,         0.7341, 2.448242795467377 , 0.2858888888888889  , 0.24166920095753996  , 0.9215108491829628,                    ,  
 2349, 0.7783618688583374,         0.7368, 2.4641811847686768, 0.2882222222222222  , 0.348434082122996    , 0.8888001597125175,                    ,  
 2350, 0.7841977208852768,         0.7301, 2.643673503398895 , 0.24022222222222223 , 0.4249427625982922   , 0.8582911580827627,                    ,  
 2351, 0.7969564825296402,         0.7249, 2.705328619480133 , 0.2338888888888889  , 0.409979089228326    , 0.8685671973343206,                    ,  
 2352, 0.7936898708343506,         0.7285, 2.726694405078888 , 0.22833333333333333 , 0.3628339618482614   , 0.8873129826254826,                    ,  
 2353, 0.7819875329732895,         0.7319, 2.649082970619202 , 0.24266666666666667 , 0.44461134522748974  , 0.8578584846587352,                    ,  
 2354, 0.7968510091304779,         0.7312, 2.6529235363006594, 0.2238888888888889  , 0.4806862009953734   , 0.8419721871049305,                    ,  
 2355, 0.8054389238357544,         0.7286, 2.7578319191932676, 0.1918888888888889  , 0.6509454141396932   , 0.782448663308795 ,                    ,  
 2356, 0.8087634116411209,         0.7287, 2.7227585077285767, 0.19255555555555556 , 0.6365777646317248   , 0.7891518737672584,                    ,  
 2357, 0.8159362226724625,         0.7243, 2.748377597332001 , 0.1817777777777778  , 0.553448564475671    , 0.8147950108245109,                    ,  
 2358, 0.823294284939766 ,         0.7255, 2.7362860798835755, 0.185               , 0.3814442859449472   , 0.8817535545023697,                    ,  
 2359, 0.8314611852169037,         0.7211, 2.7611645579338076, 0.15611111111111112 , 0.5769762918881673   , 0.8120782142239141,                    ,  
 2360, 0.832499086856842 ,         0.7207, 2.8034040451049806, 0.14766666666666667 , 0.5241405021857778   , 0.8264122708567153,                    ,  
 2361, 0.8271243333816528,         0.7202, 2.8129923939704895, 0.15188888888888888 , 0.2627393378146292   , 0.922907815542574 ,                    ,  
 2362, 0.8157395601272583,         0.7248, 2.8096054077148436, 0.1618888888888889  , 0.22045514763537996  , 0.935524200750134 ,                    ,  
 2363, 0.8059613585472107,         0.7291, 2.7826642632484435, 0.16777777777777778 , 0.21204773608403232  , 0.9355065070412667,                    ,  
 2364, 0.8155529201030731,         0.7248, 2.8203123569488526, 0.156               , 0.3981783867310024   , 0.8812111801242236,                    ,  
 2365, 0.809889143705368 ,         0.727 , 2.794723868370056 , 0.17                , 0.22316324571905308  , 0.9351269255803862,                    ,  
 2366, 0.809476351737976 ,         0.7237, 2.8249375104904173, 0.16466666666666666 , 0.490359462832847    , 0.8460945033751205,                    ,  
 2367, 0.8147840350866318,         0.7222, 2.8639415740966796, 0.162               , 0.4865152958968742   , 0.841947814525511 ,                    ,  
 2368, 0.8144575387239457,         0.7214, 2.8257789731025698, 0.16522222222222221 , 0.5457832262895733   , 0.8185004868549173,                    ,  
 2369, 0.8246654570102692,         0.7195, 2.7163698196411135, 0.1708888888888889  , 0.5838048344599147   , 0.8121650562398873,                    ,  
 2370, 0.8183157414197921,         0.7206, 2.723668026924133 , 0.176               , 0.3628699854526449   , 0.8890689897385781,                    ,  
 2371, 0.8273348569869995,         0.7213, 2.811055326461792 , 0.14677777777777778 , 0.5291889144026833   , 0.8200969512195122,                    ,  
 2372, 0.8228501617908478,         0.7223, 2.7952929735183716, 0.15644444444444444 , 0.24208143794205453  , 0.9242222222222222,                    ,  
 2373, 0.8241728216409683,         0.7204, 2.639575207233429 , 0.19111111111111112 , 0.5186644330849866   , 0.8304851219011096,                    ,  
 2374, 0.8089906990528106,         0.7245, 2.680772602558136 , 0.18966666666666668 , 0.2456280145717045   , 0.9263355592654424,                    ,  
 2375, 0.8019102662801743,         0.7273, 2.580788457393646 , 0.21522222222222223 , 0.1535859159405832   , 0.9567147613762487,                    ,  
 2376, 0.8004313737154007,         0.7293, 2.5337705850601195, 0.22355555555555556 , 0.4432201116561937   , 0.851808108366839 ,                    ,  
 2377, 0.8078657537698746,         0.727 , 2.5602100253105164, 0.21266666666666667 , 0.3044755980909132   , 0.9092028857997536,                    ,  
 2378, 0.8071556210517883,         0.725 , 2.598432743549347 , 0.20922222222222223 , 0.3295491421479333   , 0.8997255260750229,                    ,  
 2379, 0.8039330929517746,         0.7247, 2.7104480266571045, 0.18933333333333333 , 0.4258473666703447   , 0.8664312422102202,                    ,  
 2380, 0.8037637829780578,         0.7255, 2.7863717317581176, 0.17433333333333334 , 0.4747859521153181   , 0.8488970187486374,                    ,  
 2381, 0.8027157306671142,         0.7263, 2.6484673500061033, 0.20477777777777778 , 0.4579970210429317   , 0.8585237258347979,                    ,  
 2382, 0.8016519635915756,         0.7283, 2.6075503706932066, 0.20922222222222223 , 0.2501240451799289   , 0.9192161239495799,                    ,  
 2383, 0.8014668017625809,         0.7278, 2.609578585624695 , 0.2147777777777778  , 0.32485445282195174  , 0.89900628675725  ,                    ,  
 2384, 0.8006017863750458,         0.7243, 2.6682868719100954, 0.20377777777777778 , 0.292799599920684    , 0.907808782379947 ,                    ,  
 2385, 0.7883542001247406,         0.7334, 2.7178647041320803, 0.19044444444444444 , 0.39982350625085405  , 0.873860811930406 ,                    ,  
 2386, 0.7895164012908935,         0.7334, 2.737010490894318 , 0.18822222222222224 , 0.31812741666233674  , 0.8971928545388261,                    ,  
 2387, 0.8028297632932663,         0.7267, 2.800785505771637 , 0.16577777777777777 , 0.4491613064680724   , 0.8582564428889596,                    ,  
 2388, 0.8074916929006577,         0.7251, 2.8124682545661925, 0.1681111111111111  , 0.4234439981043896   , 0.8688293370944993,                    ,  
 2389, 0.8092162311077118,         0.724 , 2.8393698930740356, 0.15544444444444444 , 0.499854048299313    , 0.8435286039022543,                    ,  
 2390, 0.8060155391693116,         0.723 , 2.822894740104675 , 0.1658888888888889  , 0.18162308786804998  , 0.9452129102251152,                    ,  
 2391, 0.8011026889085769,         0.7254, 2.792792463302612 , 0.17377777777777778 , 0.4447848538487914   , 0.8577699736611062,                    ,  
 2392, 0.7925812155008316,         0.7296, 2.7767994523048403, 0.1918888888888889  , 0.14516969746184877  , 0.9597871082199881,                    ,  
 2393, 0.8016810089349746,         0.7261, 2.67232860326767  , 0.2                 , 0.372720117477925    , 0.8757725587144622,                    ,  
 2394, 0.8047430694103241,         0.7307, 2.705144000053406 , 0.19077777777777777 , 0.3675862960782019   , 0.8851142680667079,                    ,  
 2395, 0.8123390763998032,         0.7271, 2.728872013092041 , 0.1751111111111111  , 0.4743500335171387   , 0.8399339933993399,                    ,  
 2396, 0.8098557472229004,         0.7251, 2.7263217687606813, 0.17266666666666666 , 0.34144755385936965  , 0.8959545396636657,                    ,  
 2397, 0.8088978052139282,         0.7265, 2.772583341598511 , 0.16733333333333333 , 0.40777252068672376  , 0.8706230478382377,                    ,  
 2398, 0.8068752139806747,         0.7266, 2.736040472984314 , 0.17033333333333334 , 0.5765282116403314   , 0.8164362519201229,                    ,  
 2399, 0.8063411027193069,         0.7228, 2.760447859764099 , 0.16555555555555557 , 0.44160022089013523  , 0.8569479633599688,                    ,  
 2400, 0.8087502211332321,         0.7266, 2.8930265426635744, 0.14066666666666666 , 0.4025634618956414   , 0.8652514997692663,                    ,  
 2401, 0.8033365666866302,         0.7265, 2.916142129898071 , 0.1431111111111111  , 0.148211234882816    , 0.9575863576738085,                    ,  
 2402, 0.7957737594842911,         0.7329, 2.799975800514221 , 0.17655555555555555 , 0.2288127500351199   , 0.9261800883095038,                    ,  
 2403, 0.7916040807962418,         0.7324, 2.745571660995483 , 0.18666666666666668 , 0.2286371476056819   , 0.9233837111670865,                    ,  
 2404, 0.7982478082180023,         0.7286, 2.7926209807395934, 0.1728888888888889  , 0.27622386911880986  , 0.9126127719794799,                    ,  
 2405, 0.8125055521726608,         0.7238, 2.7258101224899294, 0.17344444444444446 , 0.6558184530565281   , 0.7831182317163625,                    ,  
 2406, 0.8159589052200318,         0.7264, 2.686621809005737 , 0.17477777777777778 , 0.7401922573613419   , 0.7532706459525756,                    ,  
 2407, 0.8168315678834915,         0.7245, 2.7239492177963256, 0.16622222222222222 , 0.4694681323703162   , 0.8485059068797777,                    ,  
 2408, 0.8153715759515763,         0.7223, 2.757861387729645 , 0.16111111111111112 , 0.40357440071399403  , 0.8765505020673361,                    ,  
 2409, 0.8180826246738434,         0.7215, 2.7684417605400085, 0.1537777777777778  , 0.6154712552250727   , 0.8037228160707703,                    ,  
 2410, 0.8134804099798203,         0.7258, 2.7512957572937013, 0.16011111111111112 , 0.2682335996088718   , 0.9160789844851904,                    ,  
 2411, 0.8047882318496704,         0.7301, 2.743598735332489 , 0.16855555555555554 , 0.261352356543688    , 0.9174737691686844,                    ,  
 2412, 0.8102238416671753,         0.7316, 2.5699383497238157, 0.20633333333333334 , 0.48194075736992203  , 0.8518447715541961,                    ,  
 2413, 0.8125242978334427,         0.7253, 2.565311276912689 , 0.21                , 0.5383356854523942   , 0.825943314206225 ,                    ,  
 2414, 0.8110040336847305,         0.7286, 2.6668132662773134, 0.17922222222222223 , 0.5998420694387642   , 0.8005937654626423,                    ,  
 2415, 0.8108778655529022,         0.7232, 2.543284523487091 , 0.21855555555555556 , 0.36324915645574224  , 0.8864696734059098,                    ,  
 2416, 0.8399625658988953,         0.7193, 2.6628570199012755, 0.16366666666666665 , 0.7941437381980152   , 0.7288280581693756,                    ,  
 2417, 0.8354929715394974,         0.7238, 2.663099265098572 , 0.17222222222222222 , 0.48838767549490253  , 0.845108695652174 ,                    ,  
 2418, 0.8311803936958313,         0.7249, 2.7510343551635743, 0.15355555555555556 , 0.4621927665493509   , 0.8552657774238502,                    ,  
 2419, 0.8215197861194611,         0.7272, 2.7559842705726623, 0.15733333333333333 , 0.30570473706091716  , 0.9091555977229602,                    ,  
 2420, 0.8189805597066879,         0.7288, 2.772670030593872 , 0.15533333333333332 , 0.4344126530359543   , 0.8602118454423392,                    ,  
 2421, 0.8175768375396728,         0.7306, 2.748060715198517 , 0.16066666666666668 , 0.35095057250476236  , 0.8877225866916588,                    ,  
 2422, 0.8370584428310395,         0.7249, 2.7303741335868836, 0.14733333333333334 , 0.7262976624844502   , 0.7600419140761439,                    ,  
 2423, 0.8298146039247513,         0.7244, 2.7058078765869142, 0.14822222222222223 , 0.4756578100871551   , 0.8413524976437323,                    ,  
 2424, 0.8406967759132385,         0.725 , 2.7711976170539856, 0.137               , 0.36527982124004443  , 0.880188679245283 ,                    ,  
 2425, 0.8310541540384293,         0.727 , 2.737515723705292 , 0.14144444444444446 , 0.503081205008023    , 0.8387096774193549,                    ,  
 2426, 0.8281330019235611,         0.7256, 2.6998966574668883, 0.15266666666666667 , 0.4915142755733225   , 0.8540383299110198,                    ,  
 2427, 0.8157776802778244,         0.7279, 2.760603737831116 , 0.14566666666666667 , 0.36337565240456343  , 0.8878102316195295,                    ,  
 2428, 0.815148213505745 ,         0.7296, 2.767144465446472 , 0.143               , 0.27229033729224905  , 0.9125192406362237,                    ,  
 2429, 0.8035805851221085,         0.7272, 2.7817584753036497, 0.15477777777777776 , 0.21866505477289402  , 0.9249808135072909,                    ,  
 2430, 0.8042224079370499,         0.7311, 2.7881152391433717, 0.15155555555555555 , 0.3447134819288163   , 0.8928632260262306,                    ,  
 2431, 0.8091657012701035,         0.7307, 2.6935456871986387, 0.16433333333333333 , 0.6331343111796439   , 0.7992792530336961,                    ,  
 2432, 0.8056719660758972,         0.7277, 2.704640030860901 , 0.16422222222222221 , 0.18412617407217413  , 0.9433311786252963,                    ,  
 2433, 0.8085140407085418,         0.7316, 2.7285500884056093, 0.1618888888888889  , 0.4993969923047528   , 0.834379305066585 ,                    ,  
 2434, 0.8003824383020401,         0.7295, 2.7541931867599487, 0.16111111111111112 , 0.318002857867999    , 0.8982721382289417,                    ,  
 2435, 0.8003170043230057,         0.7297, 2.7889193534851073, 0.1648888888888889  , 0.32656767423261635  , 0.8989023685730791,                    ,  
 2436, 0.7975643992424011,         0.7308, 2.826120448112488 , 0.155               , 0.30810398833563657  , 0.9038631151878638,                    ,  
 2437, 0.7854332894086837,         0.7323, 2.8850944519042967, 0.15388888888888888 , 0.22778411327482845  , 0.9300279029834728,                    ,  
 2438, 0.7975338339805603,         0.7316, 2.898183786869049 , 0.15022222222222223 , 0.4197272268332782   , 0.8661431064572426,                    ,  
 2439, 0.7955905020236969,         0.7291, 2.8405916333198546, 0.1651111111111111  , 0.2294782645233859   , 0.9344292574806058,                    ,  
 2440, 0.7898688197135926,         0.7341, 2.8072086572647095, 0.17333333333333334 , 0.28141989509937027  , 0.9063755458515284,                    ,  
 2441, 0.7850982844829559,         0.7335, 2.824514997005463 , 0.171               , 0.19572561162098076  , 0.9418477519403347,                    ,  
 2442, 0.7845951676368713,         0.7309, 2.835118091106415 , 0.17144444444444445 , 0.26994056288078555  , 0.9179504394531249,                    ,  
 2443, 0.7792183667421341,         0.7324, 2.841231894493103 , 0.17522222222222222 , 0.15083697661126266  , 0.9528978846973571,                    ,  
 2444, 0.777302947640419 ,         0.7361, 2.8671733498573304, 0.18033333333333335 , 0.0648377441742352   , 0.9803746654772525,                    ,  
 2445, 0.7724408864974975,         0.7348, 2.9521103739738463, 0.16111111111111112 , 0.28202995796572405  , 0.911570424035798 ,                    ,  
 2446, 0.7753508627414704,         0.7343, 2.917576348781586 , 0.16555555555555557 , 0.4222915890076416   , 0.8646379853095488,                    ,  
 2447, 0.7766020983457566,         0.7345, 2.9580455660820006, 0.16677777777777777 , 0.3247197612687624   , 0.8973884052602333,                    ,  
 2448, 0.7792750090360642,         0.7339, 2.942566156387329 , 0.16833333333333333 , 0.3633655339745244   , 0.884880632360471 ,                    ,  
 2449, 0.7794133991003036,         0.7331, 2.997228944301605 , 0.1582222222222222  , 0.33427152561273615  , 0.8958871472075698,                    ,  
 2450, 0.7781863152980805,         0.7333, 3.0506176352500916, 0.14422222222222222 , 0.38761729251243565  , 0.8724240004976775,                    ,  
 2451, 0.7775180280208588,         0.7339, 2.9726332068443297, 0.16455555555555557 , 0.24590060425408622  , 0.9269977595220313,                    ,  
 2452, 0.7781882375478745,         0.7269, 2.9891652822494508, 0.1632222222222222  , 0.22494145591918618  , 0.9301310043668122,                    ,  
 2453, 0.7767847359180451,         0.7365, 2.9976459980010985, 0.16566666666666666 , 0.4779529611997998   , 0.8477756286266924,                    ,  
 2454, 0.7766965508460999,         0.7341, 3.035037672519684 , 0.16644444444444445 , 0.23620799712959176  , 0.9250369276218612,                    ,  
 2455, 0.7713832020759582,         0.7338, 3.0344029903411864, 0.173               , 0.17672589223307833  , 0.9500545256270447,                    ,  
 2456, 0.7731811136007309,         0.7362, 3.045991671085358 , 0.16977777777777778 , 0.34912537304928565  , 0.8836223506743738,                    ,  
 2457, 0.7760272651910782,         0.7348, 3.0647035121917723, 0.1671111111111111  , 0.2635555930244656   , 0.9172785649909874,                    ,  
 2458, 0.7699210613965988,         0.7377, 3.048578917980194 , 0.17233333333333334 , 0.28990504112340454  , 0.9031598513011152,                    ,  
 2459, 0.7688240319490433,         0.7351, 3.0141535878181456, 0.1778888888888889  , 0.09771262877783007  , 0.9734502032520326,                    ,  
 2460, 0.7657305955886841,         0.74  , 3.012294924259186 , 0.18622222222222223 , 0.17559408453489425  , 0.9510941960038058,                    ,  
 2461, 0.7620312303304673,         0.7389, 3.057717227935791 , 0.17477777777777778 , 0.2040045848930837   , 0.9334665334665335,                    ,  
 2462, 0.7643966048955917,         0.7402, 3.0451783895492555, 0.18433333333333332 , 0.0943889093102423   , 0.9739728973972898,                    ,  
 2463, 0.7623539924621582,         0.7398, 3.0273529291152954, 0.18055555555555555 , 0.37140370292264097  , 0.883938599775365 ,                    ,  
 2464, 0.7603545576334   ,         0.7404, 3.012783205509186 , 0.20033333333333334 , 0.12436044276453728  , 0.9674418604651163,                    ,  
 2465, 0.7745529532432556,         0.7341, 3.025936818122864 , 0.1761111111111111  , 0.5094051310817114   , 0.8271828665568369,                    ,  
 2466, 0.7684152841567993,         0.7371, 3.0281423211097716, 0.15733333333333333 , 0.3373384215794245   , 0.889990089197225 ,                    ,  
 2467, 0.7759157091379165,         0.7343, 3.039854097366333 , 0.15955555555555556 , 0.17058117017931593  , 0.9511533242876526,                    ,  
 2468, 0.7753753125667572,         0.7322, 3.1340047001838682, 0.14566666666666667 , 0.19636663748944144  , 0.9422376093294461,                    ,  
 2469, 0.77753287255764  ,         0.7328, 3.0733991622924806, 0.1681111111111111  , 0.14473689692795302  , 0.9568077176057882,                    ,  
 2470, 0.773540711402893 ,         0.7358, 3.006689703464508 , 0.17655555555555555 , 0.18331708037027908  , 0.9474747474747475,                    ,  
 2471, 0.7789161950349808,         0.7314, 3.0211760640144347, 0.154               , 0.41523258305778477  , 0.8657265481299816,                    ,  
 2472, 0.7855827033519744,         0.7336, 3.08096262216568  , 0.15266666666666667 , 0.18624605768127367  , 0.9455172413793104,                    ,  
 2473, 0.7824108690023422,         0.733 , 3.1260505437850954, 0.1418888888888889  , 0.2955675694745191   , 0.9055399061032864,                    ,  
 2474, 0.7858613789081573,         0.7349, 3.1531487464904786, 0.144               , 0.3087398230515487   , 0.905568161982894 ,                    ,  
 2475, 0.7843402713537216,         0.7308, 3.1449230194091795, 0.14944444444444444 , 0.3558153874118851   , 0.8831526415419033,                    ,  
 2476, 0.780839666724205 ,         0.7307, 3.17968168258667  , 0.14055555555555554 , 0.30067194187318613  , 0.9032555282555282,                    ,  
 2477, 0.7681677937507629,         0.7384, 3.1882121324539185, 0.141               , 0.1476373769923169   , 0.955210643015521 ,                    ,  
 2478, 0.7721565365791321,         0.7387, 3.2081371307373048, 0.14544444444444443 , 0.1528176506846778   , 0.9536221724787936,                    ,  
 2479, 0.7597727596759796,         0.7395, 3.193683910369873 , 0.15555555555555556 , 0.1263334464619847   , 0.9633463279678068,                    ,  
 2480, 0.7601279944181443,         0.738 , 3.192030596733093 , 0.15933333333333333 , 0.1704298381259101   , 0.9480726329619796,                    ,  
 2481, 0.7669473499059677,         0.741 , 3.2036622285842897, 0.171               , 0.0686125382453553   , 0.9790015847860539,                    ,  
 2482, 0.7641634553670883,         0.7395, 3.188942015171051 , 0.17333333333333334 , 0.2690902039417383   , 0.9179091072390875,                    ,  
 2483, 0.7646932542324066,         0.7387, 3.2269265055656433, 0.16566666666666666 , 0.22019950868993832  , 0.9283858998144713,                    ,  
 2484, 0.772337120771408 ,         0.735 , 3.3113915801048277, 0.15366666666666667 , 0.20256571090381212  , 0.9409418913786555,                    ,  
 2485, 0.7699502021074295,         0.738 , 3.2967978000640867, 0.15322222222222223 , 0.2755619631860198   , 0.9119163129169193,                    ,  
 2486, 0.773337185382843 ,         0.7331, 3.2181835651397703, 0.14166666666666666 , 0.4130293475795738   , 0.8683651804670913,                    ,  
 2487, 0.7741245269775391,         0.7341, 3.2566487312316896, 0.136               , 0.14865934164051203  , 0.9546589018302829,                    ,  
 2488, 0.7688838362693786,         0.7351, 3.275023078918457 , 0.1411111111111111  , 0.24346737678231917  , 0.9252767527675276,                    ,  
 2489, 0.7702431797981262,         0.7345, 3.2804953813552857, 0.1348888888888889  , 0.3086429260012837   , 0.895733126454616 ,                    ,  
 2490, 0.7731622099876404,         0.7342, 3.279216229915619 , 0.14133333333333334 , 0.12823565351566177  , 0.9606030150753769,                    ,  
 2491, 0.7753914654254913,         0.7351, 3.2593712210655212, 0.13577777777777778 , 0.2855667815229001   , 0.9023575638506877,                    ,  
 2492, 0.7724951922893524,         0.7353, 3.1202555179595945, 0.1491111111111111  , 0.4022178272806268   , 0.8727135583631906,                    ,  
 2493, 0.7658921629190445,         0.7423, 3.1276973724365233, 0.15655555555555556 , 0.11681231052207344  , 0.9650588034770752,                    ,  
 2494, 0.7653242141008377,         0.7392, 3.0967209100723267, 0.16377777777777777 , 0.2241036148829316   , 0.9299870745368376,                    ,  
 2495, 0.7651273846626282,         0.7391, 3.12797429561615  , 0.1638888888888889  , 0.10778978907346162  , 0.9702325581395349,                    ,  
 2496, 0.7592807441949845,         0.7391, 3.182822287082672 , 0.15888888888888889 , 0.0947041538006535   , 0.9725346020761245,                    ,  
 2497, 0.7579624772071838,         0.7421, 3.1880979418754576, 0.16455555555555557 , 0.14021141970402326  , 0.9581551050771806,                    ,  
 2498, 0.7633005797863006,         0.7399, 3.1677335262298585, 0.16766666666666666 , 0.14055575057173814  , 0.9599901816396662,                    ,  
 2499, 0.7618954509496689,         0.7415, 3.1895991921424867, 0.17655555555555555 , 0.17968819744511083  , 0.9451704545454546,                    ,  
 2500, 0.7662195295095444,         0.7424, 3.2200561642646788, 0.1731111111111111  , 0.11704637651241916  , 0.96375           ,                    ,  
 2501, 0.7633681058883667,         0.742 , 3.2389774560928344, 0.18511111111111112 , 0.14695586159125903  , 0.9507989907485281,                    ,  
 2502, 0.755610254406929 ,         0.7442, 3.2785531163215635, 0.18577777777777776 , 0.028813763535008103 , 0.9910828025477707,                    ,  
 2503, 0.7675342708826065,         0.7434, 3.3084092259407045, 0.18566666666666667 , 0.1052043397981793   , 0.9675242513707296,                    ,  
 2504, 0.7661879688501358,         0.746 , 3.279112696647644 , 0.18366666666666667 , 0.19157915514533538  , 0.9414233576642336,                    ,  
 2505, 0.7691910892724991,         0.7433, 3.3079741835594176, 0.18266666666666667 , 0.07146055177219517  , 0.9791787160208213,                    ,  
 2506, 0.7609388291835785,         0.7478, 3.2882682204246523, 0.1778888888888889  , 0.20338653380908264  , 0.9389207807118255,                    ,  
 2507, 0.7683977484703064,         0.7447, 3.240707242488861 , 0.192               , 0.16022124737092888  , 0.9515621215790748,                    ,  
 2508, 0.7645048081874848,         0.7441, 3.2350293517112734, 0.18322222222222223 , 0.25506148344583346  , 0.9205432937181663,                    ,  
 2509, 0.7654371947050095,         0.7442, 3.255200970172882 , 0.1922222222222222  , 0.11595943375429926  , 0.964216408827825 ,                    ,  
 2510, 0.7655749171972275,         0.7468, 3.233760154247284 , 0.20544444444444446 , 0.06297930826652502  , 0.9821212853346218,                    ,  
 2511, 0.7619983375072479,         0.7489, 3.247538125514984 , 0.20655555555555555 , 0.018930759550387775 , 0.995673438675696 ,                    ,  
 2512, 0.763069349527359 ,         0.7487, 3.265021789073944 , 0.214               , 0.09800987037024993  , 0.9738964686998395,                    ,  
 2513, 0.7611896097660065,         0.7505, 3.3061227202415466, 0.21388888888888888 , 0.04184860066797943  , 0.9917704626334519,                    ,  
 2514, 0.7655042290687561,         0.7513, 3.3183382987976073, 0.21966666666666668 , 0.10457472540461027  , 0.9716707561900513,                    ,  
 2515, 0.7738373875617981,         0.7511, 3.342843842506409 , 0.21811111111111112 , 0.08201747452735773  , 0.9765831134564644,                    ,  
 2516, 0.7698726326227188,         0.7514, 3.330495595932007 , 0.23066666666666666 , 0.021996272425280176 , 0.9940313354886844,                    ,  
 2517, 0.781378585100174 ,         0.7504, 3.309125554561615 , 0.2388888888888889  , 0.11290711769747942  , 0.9676822083824272,                    ,  
 2518, 0.7953532427549362,         0.7466, 3.348580741882324 , 0.2437777777777778  , 0.05330215767183235  , 0.9857170430418838,                    ,  
 2519, 0.7750351756811142,         0.7533, 3.2867547154426573, 0.24855555555555556 , 0.16124128877185775  , 0.9531512605042017,                    ,  
 2520, 0.7901465624570847,         0.7473, 3.3064216494560243, 0.25177777777777777 , 0.12494478694932724  , 0.9627807486631016,                    ,  
 2521, 0.800983589887619 ,         0.7493, 3.301837158203125 , 0.25533333333333336 , 0.023512365529547816 , 0.9955307262569832,                    ,  
 2522, 0.7911786735057831,         0.7464, 3.365019738674164 , 0.2248888888888889  , 0.21146121314462177  , 0.9316046599022924,                    ,  
 2523, 0.7935788631439209,         0.7486, 3.351087713241577 , 0.2348888888888889  , 0.10575624392292611  , 0.9704931285367825,                    ,  
 2524, 0.7991107612848282,         0.7504, 3.369567704200745 , 0.23644444444444446 , 0.015956029206732853 , 0.9970795814066683,                    ,  
 2525, 0.8075481683015824,         0.7491, 3.3808574080467224, 0.24566666666666667 , 0.004754589018197138 , 0.999129677980853 ,                    ,  
 2526, 0.8058004438877105,         0.7487, 3.393477404117584 , 0.24455555555555555 , 0.09767594181591042  , 0.9715370018975332,                    ,  
 2527, 0.8139138519763947,         0.7465, 3.283985197544098 , 0.25633333333333336 , 0.1073182606846126   , 0.9721530802738021,                    ,  
 2528, 0.8031705319881439,         0.7512, 3.321730148792267 , 0.24955555555555556 , 0.1077742298767283   , 0.9705123479542941,                    ,  
 2529, 0.8071316957473755,         0.7477, 3.209292674064636 , 0.26355555555555554 , 0.21846985589697102  , 0.9348050340416753,                    ,  
 2530, 0.8062382578849793,         0.7446, 3.2248269438743593, 0.27155555555555555 , 0.12469637818929825  , 0.9653338585779003,                    ,  
 2531, 0.8010738283395767,         0.7465, 3.3197868704795837, 0.24733333333333332 , 0.16308727397014544  , 0.9468141361109865,                    ,  
 2532, 0.7951269298791885,         0.7507, 3.2921485781669615, 0.24644444444444444 , 0.14876957033731736  , 0.9530718657900703,                    ,  
 2533, 0.8102419525384903,         0.7449, 3.308447575569153 , 0.24722222222222223 , 0.06129887187294486  , 0.9814744801512287,                    ,  
 2534, 0.8128765165805817,         0.7472, 3.3265671610832213, 0.25244444444444447 , 0.02396753152586211  , 0.994692144373673 ,                    ,  
 2535, 0.8196223914623261,         0.7397, 3.364049768447876 , 0.24977777777777777 , 0.10319085693015267  , 0.9700782046922816,                    ,  
 2536, 0.8191395312547683,         0.7437, 3.409212613105774 , 0.24544444444444444 , 0.04728657294628805  , 0.9870048207922867,                    ,  
 2537, 0.8228885263204575,         0.7455, 3.461186337471008 , 0.2447777777777778  , 0.05422159684696693  , 0.9845771973562153,                    ,  
 2538, 0.8290413737297058,         0.7435, 3.4835824847221373, 0.23833333333333334 , 0.055923087896977405 , 0.9836490205601425,                    ,  
 2539, 0.8302686750888825,         0.7462, 3.512453830242157 , 0.23833333333333334 , 0.07411797430615087  , 0.9754901960784313,                    ,  
 2540, 0.8119370937347412,         0.749 , 3.403009760379791 , 0.24911111111111112 , 0.1996037217014365   , 0.9355265645679712,                    ,  
 2541, 0.828715905547142 ,         0.7459, 3.3852537870407104, 0.25577777777777777 , 0.02179331107236222  , 0.9952991452991453,                    ,  
 2542, 0.8118563741445541,         0.7473, 3.4415879249572754, 0.24322222222222223 , 0.1754968995459877   , 0.9496005588934976,                    ,  
 2543, 0.8257094860076905,         0.7476, 3.4175488233566282, 0.2508888888888889  , 0.07147181684285535  , 0.9794419970631424,                    ,  
 2544, 0.8144518047571182,         0.7482, 3.439718174934387 , 0.2508888888888889  , 0.14574239543619666  , 0.9578710124826629,                    ,  
 2545, 0.8072429388761521,         0.7481, 3.270919609069824 , 0.2617777777777778  , 0.14839925973932785  , 0.9527477096074657,                    ,  
 2546, 0.8054357945919037,         0.7498, 3.304250431060791 , 0.25244444444444447 , 0.09798999390624408  , 0.9699338544798557,                    ,  
 2547, 0.8115480273962021,         0.7438, 3.2610134840011598, 0.25422222222222224 , 0.12730849567671815  , 0.9593342160015131,                    ,  
 2548, 0.8067634135484696,         0.7449, 3.3046748995780946, 0.25277777777777777 , 0.129407246945263    , 0.9610338750734286,                    ,  
 2549, 0.8090926468372345,         0.7461, 3.2928335785865785, 0.25855555555555554 , 0.058867730275426015 , 0.9836065573770492,                    ,  
 2550, 0.8027451455593109,         0.7474, 3.3603119015693665, 0.2501111111111111  , 0.1211931068784192   , 0.9630013831258645,                    ,  
 2551, 0.82357457280159  ,         0.7434, 3.38998167514801  , 0.24                , 0.0423126323740759   , 0.9869633625533828,                    ,  
 2552, 0.8264188140630722,         0.7421, 3.3567882537841798, 0.25522222222222224 , 0.07980202117485319  , 0.977853240809095 ,                    ,  
 2553, 0.8213035523891449,         0.7407, 3.3813207864761354, 0.2544444444444444  , 0.00704631134095529  , 0.999171956941761 ,                    ,  
 2554, 0.8206503838300705,         0.7464, 3.383778727054596 , 0.2551111111111111  , 0.11317493945100249  , 0.9665582067968185,                    ,  
 2555, 0.8192975252866745,         0.7466, 3.381303334236145 , 0.26744444444444443 , 0.04846411536132972  , 0.9860819828408007,                    ,  
 2556, 0.8387098610401154,         0.7428, 3.3765718936920166, 0.2682222222222222  , 0.054427900242491466 , 0.9850322091701402,                    ,  
 2557, 0.8588476836681366,         0.7418, 3.3903295516967775, 0.2712222222222222  , 0.002702761174903577 , 0.9997513674788663,                    ,  
 2558, 0.8550761699676513,         0.7445, 3.4013710975646974, 0.27411111111111114 , 0.011716447542124805 , 0.9984395318595579,                    ,  
 2559, 0.8510250270366668,         0.7462, 3.386666774749756 , 0.28144444444444444 , 0.06919900363248654  , 0.98168130489335  ,                    ,  
 2560, 0.8705936878919601,         0.7449, 3.4495434165000916, 0.2748888888888889  , 0.03156818923137776  , 0.9910985231640704,                    ,  
 2561, 0.8758517503738403,         0.7458, 3.4675061106681824, 0.2733333333333333  , 0.024470009929962688 , 0.99395329441201  ,                    ,  
 2562, 0.8783985078334808,         0.7476, 3.488551139831543 , 0.2752222222222222  , 0.028081648673963767 , 0.9904229848363927,                    ,  
 2563, 0.8868724435567856,         0.7461, 3.5088258743286134, 0.2796666666666667  , 0.005620485013399862 , 0.9989473684210526,                    ,  
 2564, 0.9031050622463226,         0.7449, 3.5184396386146544, 0.2771111111111111  , 0.007248955072744449 , 0.9985581874356334,                    ,  
 2565, 0.9033873379230499,         0.7451, 3.512311267852783 , 0.2852222222222222  , 0.044200783397087835 , 0.9890389508710119,                    ,  
 2566, 0.9338383644819259,         0.7448, 3.528794753551483 , 0.29188888888888886 , 0.01927529346751845  , 0.9958167747333194,                    ,  
 2567, 0.9350954294204712,         0.7434, 3.531773042678833 , 0.2982222222222222  , 0.005621869082654287 , 0.9997569866342649,                    ,  
 2568, 0.9371812611818313,         0.7457, 3.501023840904236 , 0.3028888888888889  , 0.0059701348888252905, 0.9992892679459844,                    ,  
 2569, 0.9605378955602646,         0.7403, 3.5762664675712585, 0.29344444444444445 , 0.01848459551781821  , 0.9945627548708654,                    ,  
 2570, 0.94875009059906  ,         0.7465, 3.6252556681632995, 0.2832222222222222  , 0.039282517046198784 , 0.9880091358964599,                    ,  
 2571, 0.9621599644422532,         0.7409, 3.659178674221039 , 0.2871111111111111  , 0.005104590959721795 , 0.999436831237094 ,                    ,  
 2572, 0.9715268045663834,         0.7457, 3.731542205810547 , 0.279               , 0.0044157614690888665, 0.9995841995841996,                    ,  
 2573, 0.9797648578882218,         0.7446, 3.7427773118019103, 0.2778888888888889  , 0.03089223339495925  , 0.9930291508238276,                    ,  
 2574, 0.9837791174650192,         0.7387, 3.737655520439148 , 0.2768888888888889  , 0.05139954217650688  , 0.9862284245317664,                    ,  
 2575, 0.9856564670801162,         0.7425, 3.7509045004844666, 0.2787777777777778  , 0.013376277516219967 , 0.9974240894067372,                    ,  
 2576, 0.9771052062511444,         0.7414, 3.754374599456787 , 0.2738888888888889  , 0.07817441407423215  , 0.9744499645138396,                    ,  
 2577, 0.9709999948740006,         0.7429, 3.7398591160774233, 0.27266666666666667 , 0.07529930894857648  , 0.9785073216816249,                    ,  
 2578, 0.9419834554195404,         0.7471, 3.732941150665283 , 0.2653333333333333  , 0.07738310095150211  , 0.9771110423755026,                    ,  
 2579, 0.9664277553558349,         0.7415, 3.709098160266876 , 0.27166666666666667 , 0.010757093372435878 , 0.9983882109141147,                    ,  
 2580, 0.9737396031618119,         0.7464, 3.726552736759186 , 0.2702222222222222  , 0.042783164201884036 , 0.9895853423336548,                    ,  
 2581, 0.9776502937078476,         0.7446, 3.79312504529953  , 0.2654444444444444  , 0.043342330338784124 , 0.9880362331225432,                    ,  
 2582, 0.9885731011629104,         0.739 , 3.788645792007446 , 0.2692222222222222  , 0.004475128970887943 , 0.9997529644268774,                    ,  
 2583, 0.9736278802156448,         0.745 , 3.7527533769607544, 0.2828888888888889  , 0.007843077281110555 , 0.999125300677892 ,                    ,  
 2584, 0.9990108728408813,         0.7406, 3.8342705249786375, 0.27211111111111114 , 0.017122125610777892 , 0.995286353994815 ,                    ,  
 2585, 0.992259630560875 ,         0.7424, 3.8615931391716005, 0.258               , 0.06597993380466352  , 0.9815140845070423,                    ,  
 2586, 0.9930843502283097,         0.7434, 3.8339681029319763, 0.2702222222222222  , 0.0027370806074483306, 0.9996543380573799,                    ,  
 2587, 1.015141522884369 ,         0.7408, 3.8960842847824098, 0.26666666666666666 , 0.004230013949021774 , 0.9997606510292005,                    ,  
 2588, 0.9934297889471054,         0.7451, 3.875725436210632 , 0.28                , 0.003408376729221498 , 0.9997899159663866,                    ,  
 2589, 1.0210832357406616,         0.7384, 3.795019543170929 , 0.285               , 0.009345639005373925 , 0.9990412272291467,                    ,  
 2590, 0.974708092212677 ,         0.7453, 3.81804074048996  , 0.2611111111111111  , 0.17707760588331894  , 0.9489900020404   ,                    ,  
 2591, 0.9758085250854492,         0.7453, 3.8219891786575317, 0.264               , 0.003740539411414867 , 0.9997373949579832,                    ,  
 2592, 1.0055231928825379,         0.7447, 3.8664169311523438, 0.26422222222222225 , 0.025823410470679747 , 0.9933481152993349,                    ,  
 2593, 1.011441197991371 ,         0.7409, 3.8784826755523683, 0.25044444444444447 , 0.005377300272411685 , 0.9993177166249716,                    ,  
 2594, 1.0000625163316728,         0.7414, 3.8332207798957825, 0.27111111111111114 , 0.03302741208610815  , 0.9925611052072264,                    ,  
 2595, 1.020094448328018 ,         0.7428, 3.856908547878265 , 0.27144444444444443 , 0.00606028344566219  , 0.9989804241435563,                    ,  
 2596, 1.003082627058029 ,         0.7395, 3.8387041330337524, 0.2738888888888889  , 0.021714483142568346 , 0.9937067337948395,                    ,  
 2597, 1.021983253955841 ,         0.7392, 3.9178879976272585, 0.2682222222222222  , 0.017620355175480454 , 0.99548347361938  ,                    ,  
 2598, 1.048793038725853 ,         0.7403, 3.895292055606842 , 0.2761111111111111  , 0.001805652533597145 , 1.0               ,                    ,  
 2599, 1.0292274713516236,         0.7413, 3.9405956149101256, 0.2683333333333333  , 0.022678385945571294 , 0.994526657206568 ,                    ,  
